Workbook
Name Approval: '[1]Lookup Tables'!$A$40:$A$41
Name CAV_Status_Options: '[1]Lookup Tables'!#REF!
Name CAV_Status_Options: '[1]Lookup Tables'!#REF!
Name Compliance_Level_Options: '[1]Lookup Tables'!$A$5:$A$10
Name Compliance_Level_Scores: '[1]Lookup Tables'!$A$5:$B$10
Name Implementation_Level_Options: '[1]Lookup Tables'!$A$23:$A$28
Name Implementation_Level_Scores: '[1]Lookup Tables'!$A$23:$B$28
Name Management_System_Level_Options: '[1]Lookup Tables'!$A$14:$A$19
Name Management_System_Level_Scores: '[1]Lookup Tables'!$A$14:$B$19
Name Status_Options: '[1]Lookup Tables'!$A$31:$A$33

Sheet SET
A1: 입사일기준 연차계산 및 사용관리를 위한 기본설정
A3: 1. 연차의 사용촉진 설정 | J3: 일부 | L3: 7
B4: * 신입연차 사용촉진 : 만1년미만 신입사원의 1개월 개근시마다 발생되는 연차는 사용촉진 대상이 아님.
B5: * 본 연차계산 및 관리대장은 만1년미만 연차의 사용기간을 취업규칙 또는 단체협약, 근로계약서에 다음년도 연차 사용기간 종료시 까지 하기로 명시한 경우에 해당됨.
B6: 없음 : 연차의 사용촉진을 하지 않고 매년 잔여연차를 수당으로 지급하거나, 이월시켜 사용하는 사업장의 경우 선택
B7: 전부 : 연차의 사용촉진을 하여 매년 잔여연차를 소멸시키는 사업장의 경우 선택
B8: 일부 : 전체 연차중 일부만 사용촉진하여 사용 또는 소멸시키고 그 나머지 연차는 수당으로 지급 또는 이월시키는 사업장의 경우 선택
B9: (일자) : 일부만 사용촉진하는 촉진연차수
A11: 2. 촉진없이 수당지급하다 연차의 사용촉진을 시작되는 경우 시작일 설정 | I11: 2014 | J11: 1 | L11: 1
B12: 미사용 연차를 수당으로 지급해왔으나, 연차가 증가됨에 따라 사용촉진으로 변경하는 경우 (해당없는경우 3년 이전으로 설정)
A14: 3. 연차 차감 항목 설정 (회사마다 적용 상황에 맞게 수정활용)
B15: 항목 | C15: 연차 | D15: 반차 | E15: 반반차 | F15: 경조 | G15: 훈련 | H15: 출산 | I15: 무급 | J15: 유급 | K15: 포상
B16: 차감수 | C16: 1 | D16: 0.5 | E16: 0.25 | F16: 0 | G16: 0 | H16: 0 | I16: 0 | J16: 0 | K16: 0
B17: (예시)
B18: @@차감항목 수정 설명보기 : | E18: https://blog.naver.com/bgheaven/221375853579
A20: 4. 근로기준법 변경 적용일 | J20: 42885
B21: (고용부의 개정연차 적용에 관련한 설명자료 있는 곳 입니다. ^^)
B22: http://www.moel.go.kr/policy/policydata/view.do?bbs_seq=20180600335
A24: [ 참고사항 ] 사용된 엑셀 함수의 설명
B25: =IF(논리값A,B,C) | F25: 논리값A 가 맞으면, B를 수행 또는 값으로 하고, 논리값A 가 아니라면 C를 수행 또는 값으로 한다.
B26: =ROUND(계산값,숫자) | F26: 숫자의 자리값으로 반올림한다. (소수점을 반올림할때 0, 10단위로 할때 1, 소수점2자리까지 할때 -2 …)
B27: =ROUNDUP(계산값,숫자) | F27: 숫자의 자리값으로 절상한다.
B28: =ROUNDDOWN(계산값,숫자) | F28: 숫자의 자리값으로 절하한다.
B29: =MIN(A,B) | F29: 계산값 또는 수 A, B 중 최소값을 구한다
B30: =DATEDIF(시작일,종료일,"M") | F30: 시작일과 종료일 사이의 개월수를 구한다
B31: =EDATE(시작일,경과개월수) | F31: 시작일로부터 경과개월수 이후 또는 이전의 날짜를 구한다
B32: =COUNTA(설정범위,참조값) | F32: 설정범위 내에서 참조값과 같은 셀의 수를 카운트 한다.
B33: =DATE(년,월,일) | F33: 년도값,지정월,지정일 의 날짜를 구한다.
B34: =YEAR(지정값) | F34: 지정값의 정수로된 연도를 구한다.
B35: =MONTH(지정값) | F35: 지정값의 정수로된 월을 구한다.
B36: =DAY(지정값) | F36: 지정값의 정수로된 일을 구한다.
B37: =TODAY() | F37: 현재의 날짜를 입력한다.

Sheet 입사일기준연차
R1: [근태목록 수정하기] | S1: https://blog.naver.com/bgheaven/221375853579
J2: 현재기준일자 | M2: =TODAY() -> 46157 | R2: [조건부서식 설명보기] | S2: https://blog.naver.com/bgheaven/221386977948
A4: 부서 | B4: 이 름 | C4: 입사일자 | D4: 최종근무 일자 | E4: 연차유급휴가 발생현황 (현재기준) | I4: 사용 누계 | J4: 사용 가능 연차 | K4: 연차유급휴가 정산 | N4: 사용권고통보일자 1차 촉진 / 2차 촉진 | P4: 연차유급휴가 사용 및 근태 기록부
E5: 사용시작일 (발생확정다음날) | F5: 연차 일수 | G5: 신입 연차 | H5: 전년도 이월 연차 | K5: 정산시점 (사용종료다음날) | L5: 정산 일수 | M5: 사용 촉진 | N5: 근로자 자율 사용계획서 제출 | O5: 사용자의 강제 사용일자 통보 | P5: 1 | Q5: 2 | R5: 3 | S5: 4 | T5: 5 | U5: 6 | V5: 7 | W5: 8 | X5: 9 | Y5: 10 | Z5: 11 | AA5: 12 | AB5: 13 | AC5: 14 | AD5: 15 | AE5: 16 | AF5: 17 | AG5: 18 | AH5: 19 | AI5: 20 | AJ5: 21 | AK5: 22 | AL5: 23 | AM5: 24 | AN5: 25 | AO5: 26 | AP5: 27 | AQ5: 28 | AR5: 29 | AS5: 30 | AT5: 31 | AU5: 32 | AV5: 33 | AW5: 34 | AX5: 35 | AY5: 36 | AZ5: 37 | BA5: 38 | BB5: 39 | BC5: 40 | BD5: 41 | BE5: 42 | BF5: 43 | BG5: 44 | BH5: 45 | BI5: 46 | BJ5: 47 | BK5: 48 | BL5: 49 | BM5: 50 | BN5: 51 | BO5: 52 | BP5: 53 | BQ5: 54 | BR5: 55 | BS5: 56 | BT5: 57 | BU5: 58 | BV5: 59 | BW5: 60
A6: 행정국장 | B6: 이승희 | C6: 42856 | E6: =IF(DATEDIF(C6,M$2,"m")<1,"",IF(C6=0,"",IF(EDATE(C6,12)<IF($D6>0,$D6-1,M$2),EDATE(C6,DATEDIF(C6,IF($D6>0,$D6-1,M$2+1),"y")*12),EDATE(C6,DATEDIF(C6,IF($D6>0,$D6-1,M$2+1),"m"))))) -> 46143 | F6: =IF(E6="",0,IF(EDATE(C6,12)<=E6,15+IF((YEAR(E6)-YEAR($C6))>20,10,INT((YEAR(E6)-YEAR($C6)-1)/2)),0)) -> 19 | G6: =IF(E6="",0,IF(E6>=EDATE(C6,12),IF(E6<EDATE(C6,24),IF(C6<SET!$J$20,0,MIN(DATEDIF(C6,E6,"m"),11)),0),IF(D6>C6,IF(E6<=EDATE(C6,12),MIN(DATEDIF(C6,D6+1,"m"),11),0),MIN(DATEDIF(C6,E6,"m"),11)))) -> 0 | H6: 4.5 | I6: =COUNTIF(P6:BW6,SET!$C$15)*SET!$C$16+COUNTIF(P6:BW6,SET!$D$15)*SET!$D$16+COUNTIF(P6:BW6,SET!E$15)*SET!$E$16+COUNTIF(P6:BW6,SET!$F$15)*SET!$F$16+COUNTIF(P6:BW6,SET!$G$15)*SET!$G$16+COUNTIF(P6:BW6,SET!$H$15)*SET!$H$16+COUNTIF(P6:BW6,SET!$I$15)*SET!$I$16+COUNTIF(P6:BW6,)*SET!$K$16+COUNTIF(P6:BW6,SET!$M$15)*SET!$M$16 -> 0.5 | J6: =F6+G6+H6-I6 -> 23 | K6: =IF(E6="","",IF(AND(D6>C6,EDATE(IF(EDATE(C6,12)<D6,C6,E6),12)>D6),"퇴직정산",IF((E6-C6)>=365,EDATE(E6,12),EDATE(C6,24)))) -> 46508 | L6: =IF(K6="퇴직정산",J6,IF((M$2-C6)<365,"미확정",IF(M6="유예","유예",J6-M6))) -> 16 | M6: =IF(C6=0,0,IF(K6="퇴직정산",0,IF(J6<=0,0,IF(EDATE(C6,3)>M$2,"유예",IF(SET!$J$3="없음",0,IF(SET!$J$3="전부",IF(E6>=DATE(YEAR(SET!$I$11),MONTH(SET!$J$11),DAY(SET!$L$11)),MAX(0,F6-IF(I6<(G6+H6),0,(I6-(G6+H6)))),0),IF(E6>=DATE(YEAR(SET!$I$11),MONTH(SET!$J$11),DAY(SET!$L$11)),MAX(0,MIN(F6,SET!$L$3)-IF(I6<(G6+H6),0,(I6-(G6+H6)))),0))))))) -> 7 | N6: =IF(D6=0,IF(M6>0,IF((E6-C6)>=365,EDATE(E6,6),EDATE(K6,-6)),""),"") -> 46327 | O6: =IF(D6=0,IF(M6>0,IF((E6-C6)>=365,EDATE(E6,10),EDATE(K6,-2)),""),"") -> 46447 | P6: 반차
P7: 26/04/28
A8: 간호부장 | B8: 최선경 | C8: 42856 | E8: =IF(DATEDIF(C8,M$2,"m")<1,"",IF(C8=0,"",IF(EDATE(C8,12)<IF($D8>0,$D8-1,M$2),EDATE(C8,DATEDIF(C8,IF($D8>0,$D8-1,M$2+1),"y")*12),EDATE(C8,DATEDIF(C8,IF($D8>0,$D8-1,M$2+1),"m"))))) -> 46143 | F8: =IF(E8="",0,IF(EDATE(C8,12)<=E8,15+IF((YEAR(E8)-YEAR($C8))>20,10,INT((YEAR(E8)-YEAR($C8)-1)/2)),0)) -> 19 | G8: =IF(E8="",0,IF(E8>=EDATE(C8,12),IF(E8<EDATE(C8,24),IF(C8<SET!$J$20,0,MIN(DATEDIF(C8,E8,"m"),11)),0),IF(D8>C8,IF(E8<=EDATE(C8,12),MIN(DATEDIF(C8,D8+1,"m"),11),0),MIN(DATEDIF(C8,E8,"m"),11)))) -> 0 | H8: 11.5 | I8: =COUNTIF(P8:BW8,SET!$C$15)*SET!$C$16+COUNTIF(P8:BW8,SET!$D$15)*SET!$D$16+COUNTIF(P8:BW8,SET!E$15)*SET!$E$16+COUNTIF(P8:BW8,SET!$F$15)*SET!$F$16+COUNTIF(P8:BW8,SET!$G$15)*SET!$G$16+COUNTIF(P8:BW8,SET!$H$15)*SET!$H$16+COUNTIF(P8:BW8,SET!$I$15)*SET!$I$16+COUNTIF(P8:BW8,)*SET!$K$16+COUNTIF(P8:BW8,SET!$M$15)*SET!$M$16 -> 1.5 | J8: =F8+G8+H8-I8 -> 29 | K8: =IF(E8="","",IF(AND(D8>C8,EDATE(IF(EDATE(C8,12)<D8,C8,E8),12)>D8),"퇴직정산",IF((E8-C8)>=365,EDATE(E8,12),EDATE(C8,24)))) -> 46508 | L8: =IF(K8="퇴직정산",J8,IF((M$2-C8)<365,"미확정",IF(M8="유예","유예",J8-M8))) -> 22 | M8: =IF(C8=0,0,IF(K8="퇴직정산",0,IF(J8<=0,0,IF(EDATE(C8,3)>M$2,"유예",IF(SET!$J$3="없음",0,IF(SET!$J$3="전부",IF(E8>=DATE(YEAR(SET!$I$11),MONTH(SET!$J$11),DAY(SET!$L$11)),MAX(0,F8-IF(I8<(G8+H8),0,(I8-(G8+H8)))),0),IF(E8>=DATE(YEAR(SET!$I$11),MONTH(SET!$J$11),DAY(SET!$L$11)),MAX(0,MIN(F8,SET!$L$3)-IF(I8<(G8+H8),0,(I8-(G8+H8)))),0))))))) -> 7 | N8: =IF(D8=0,IF(M8>0,IF((E8-C8)>=365,EDATE(E8,6),EDATE(K8,-6)),""),"") -> 46327 | O8: =IF(D8=0,IF(M8>0,IF((E8-C8)>=365,EDATE(E8,10),EDATE(K8,-2)),""),"") -> 46447 | P8: 반차 | Q8: 반차 | R8: 반차
P9: 26/04/16 | Q9: 26/04/17 | R9: 26/04/27
A10: 감염관리 팀장 | B10: 박미란 | C10: 43906 | E10: =IF(DATEDIF(C10,M$2,"m")<1,"",IF(C10=0,"",IF(EDATE(C10,12)<IF($D10>0,$D10-1,M$2),EDATE(C10,DATEDIF(C10,IF($D10>0,$D10-1,M$2+1),"y")*12),EDATE(C10,DATEDIF(C10,IF($D10>0,$D10-1,M$2+1),"m"))))) -> 46097 | F10: =IF(E10="",0,IF(EDATE(C10,12)<=E10,15+IF((YEAR(E10)-YEAR($C10))>20,10,INT((YEAR(E10)-YEAR($C10)-1)/2)),0)) -> 17 | G10: =IF(E10="",0,IF(E10>=EDATE(C10,12),IF(E10<EDATE(C10,24),IF(C10<SET!$J$20,0,MIN(DATEDIF(C10,E10,"m"),11)),0),IF(D10>C10,IF(E10<=EDATE(C10,12),MIN(DATEDIF(C10,D10+1,"m"),11),0),MIN(DATEDIF(C10,E10,"m"),11)))) -> 0 | H10: 12.5 | I10: =COUNTIF(P10:BW10,SET!$C$15)*SET!$C$16+COUNTIF(P10:BW10,SET!$D$15)*SET!$D$16+COUNTIF(P10:BW10,SET!E$15)*SET!$E$16+COUNTIF(P10:BW10,SET!$F$15)*SET!$F$16+COUNTIF(P10:BW10,SET!$G$15)*SET!$G$16+COUNTIF(P10:BW10,SET!$H$15)*SET!$H$16+COUNTIF(P10:BW10,SET!$I$15)*SET!$I$16+COUNTIF(P10:BW10,)*SET!$K$16+COUNTIF(P10:BW10,SET!$M$15)*SET!$M$16 -> 4 | J10: =F10+G10+H10-I10 -> 25.5 | K10: =IF(E10="","",IF(AND(D10>C10,EDATE(IF(EDATE(C10,12)<D10,C10,E10),12)>D10),"퇴직정산",IF((E10-C10)>=365,EDATE(E10,12),EDATE(C10,24)))) -> 46462 | L10: =IF(K10="퇴직정산",J10,IF((M$2-C10)<365,"미확정",IF(M10="유예","유예",J10-M10))) -> 18.5 | M10: =IF(C10=0,0,IF(K10="퇴직정산",0,IF(J10<=0,0,IF(EDATE(C10,3)>M$2,"유예",IF(SET!$J$3="없음",0,IF(SET!$J$3="전부",IF(E10>=DATE(YEAR(SET!$I$11),MONTH(SET!$J$11),DAY(SET!$L$11)),MAX(0,F10-IF(I10<(G10+H10),0,(I10-(G10+H10)))),0),IF(E10>=DATE(YEAR(SET!$I$11),MONTH(SET!$J$11),DAY(SET!$L$11)),MAX(0,MIN(F10,SET!$L$3)-IF(I10<(G10+H10),0,(I10-(G10+H10)))),0))))))) -> 7 | N10: =IF(D10=0,IF(M10>0,IF((E10-C10)>=365,EDATE(E10,6),EDATE(K10,-6)),""),"") -> 46281 | O10: =IF(D10=0,IF(M10>0,IF((E10-C10)>=365,EDATE(E10,10),EDATE(K10,-2)),""),"") -> 46403 | P10: 연차 | Q10: 연차 | R10: 연차 | S10: 연차
P11: 26/03/30 | Q11: 26/03/31 | R11: 26/04/01 | S11: 26/04/02
A12: 환자안전 관리팀장 | B12: 이윤임 | C12: 43108 | E12: =IF(DATEDIF(C12,M$2,"m")<1,"",IF(C12=0,"",IF(EDATE(C12,12)<IF($D12>0,$D12-1,M$2),EDATE(C12,DATEDIF(C12,IF($D12>0,$D12-1,M$2+1),"y")*12),EDATE(C12,DATEDIF(C12,IF($D12>0,$D12-1,M$2+1),"m"))))) -> 46030 | F12: =IF(E12="",0,IF(EDATE(C12,12)<=E12,15+IF((YEAR(E12)-YEAR($C12))>20,10,INT((YEAR(E12)-YEAR($C12)-1)/2)),0)) -> 18 | G12: =IF(E12="",0,IF(E12>=EDATE(C12,12),IF(E12<EDATE(C12,24),IF(C12<SET!$J$20,0,MIN(DATEDIF(C12,E12,"m"),11)),0),IF(D12>C12,IF(E12<=EDATE(C12,12),MIN(DATEDIF(C12,D12+1,"m"),11),0),MIN(DATEDIF(C12,E12,"m"),11)))) -> 0 | H12: 1 | I12: =COUNTIF(P12:BW12,SET!$C$15)*SET!$C$16+COUNTIF(P12:BW12,SET!$D$15)*SET!$D$16+COUNTIF(P12:BW12,SET!E$15)*SET!$E$16+COUNTIF(P12:BW12,SET!$F$15)*SET!$F$16+COUNTIF(P12:BW12,SET!$G$15)*SET!$G$16+COUNTIF(P12:BW12,SET!$H$15)*SET!$H$16+COUNTIF(P12:BW12,SET!$I$15)*SET!$I$16+COUNTIF(P12:BW12,)*SET!$K$16+COUNTIF(P12:BW12,SET!$M$15)*SET!$M$16 -> 9.5 | J12: =F12+G12+H12-I12 -> 9.5 | K12: =IF(E12="","",IF(AND(D12>C12,EDATE(IF(EDATE(C12,12)<D12,C12,E12),12)>D12),"퇴직정산",IF((E12-C12)>=365,EDATE(E12,12),EDATE(C12,24)))) -> 46395 | L12: =IF(K12="퇴직정산",J12,IF((M$2-C12)<365,"미확정",IF(M12="유예","유예",J12-M12))) -> 9.5 | M12: =IF(C12=0,0,IF(K12="퇴직정산",0,IF(J12<=0,0,IF(EDATE(C12,3)>M$2,"유예",IF(SET!$J$3="없음",0,IF(SET!$J$3="전부",IF(E12>=DATE(YEAR(SET!$I$11),MONTH(SET!$J$11),DAY(SET!$L$11)),MAX(0,F12-IF(I12<(G12+H12),0,(I12-(G12+H12)))),0),IF(E12>=DATE(YEAR(SET!$I$11),MONTH(SET!$J$11),DAY(SET!$L$11)),MAX(0,MIN(F12,SET!$L$3)-IF(I12<(G12+H12),0,(I12-(G12+H12)))),0))))))) -> 0 | N12: =IF(D12=0,IF(M12>0,IF((E12-C12)>=365,EDATE(E12,6),EDATE(K12,-6)),""),"") | O12: =IF(D12=0,IF(M12>0,IF((E12-C12)>=365,EDATE(E12,10),EDATE(K12,-2)),""),"") | P12: 반차 | Q12: 반차 | R12: 연차 | S12: 반차 | T12: 연차 | U12: 반차 | V12: 반차 | W12: 반차 | X12: 연차 | Y12: 연차 | Z12: 연차 | AA12: 연차 | AB12: 반차
P13: 25/12/22 | Q13: 25/12/31 | R13: 26/01/02 | S13: 26/01/08 | T13: 26/01/19 | U13: 26/02/02 | V13: 26/02/06 | W13: 26/02/26 | X13: 26/02/27 | Y13: 26/03/11 | Z13: 26/03/12 | AA13: 26/03/13 | AB13: 26/03/20
A14: 간호행정 | B14: RN 윤수경 | C14: 45008 | E14: =IF(DATEDIF(C14,M$2,"m")<1,"",IF(C14=0,"",IF(EDATE(C14,12)<IF($D14>0,$D14-1,M$2),EDATE(C14,DATEDIF(C14,IF($D14>0,$D14-1,M$2+1),"y")*12),EDATE(C14,DATEDIF(C14,IF($D14>0,$D14-1,M$2+1),"m"))))) -> 46104 | F14: =IF(E14="",0,IF(EDATE(C14,12)<=E14,15+IF((YEAR(E14)-YEAR($C14))>20,10,INT((YEAR(E14)-YEAR($C14)-1)/2)),0)) -> 16 | G14: =IF(E14="",0,IF(E14>=EDATE(C14,12),IF(E14<EDATE(C14,24),IF(C14<SET!$J$20,0,MIN(DATEDIF(C14,E14,"m"),11)),0),IF(D14>C14,IF(E14<=EDATE(C14,12),MIN(DATEDIF(C14,D14+1,"m"),11),0),MIN(DATEDIF(C14,E14,"m"),11)))) -> 0 | H14: 0.5 | I14: =COUNTIF(P14:BW14,SET!$C$15)*SET!$C$16+COUNTIF(P14:BW14,SET!$D$15)*SET!$D$16+COUNTIF(P14:BW14,SET!E$15)*SET!$E$16+COUNTIF(P14:BW14,SET!$F$15)*SET!$F$16+COUNTIF(P14:BW14,SET!$G$15)*SET!$G$16+COUNTIF(P14:BW14,SET!$H$15)*SET!$H$16+COUNTIF(P14:BW14,SET!$I$15)*SET!$I$16+COUNTIF(P14:BW14,)*SET!$K$16+COUNTIF(P14:BW14,SET!$M$15)*SET!$M$16 -> 0 | J14: =F14+G14+H14-I14 -> 16.5 | K14: =IF(E14="","",IF(AND(D14>C14,EDATE(IF(EDATE(C14,12)<D14,C14,E14),12)>D14),"퇴직정산",IF((E14-C14)>=365,EDATE(E14,12),EDATE(C14,24)))) -> 46469 | L14: =IF(K14="퇴직정산",J14,IF((M$2-C14)<365,"미확정",IF(M14="유예","유예",J14-M14))) -> 9.5 | M14: =IF(C14=0,0,IF(K14="퇴직정산",0,IF(J14<=0,0,IF(EDATE(C14,3)>M$2,"유예",IF(SET!$J$3="없음",0,IF(SET!$J$3="전부",IF(E14>=DATE(YEAR(SET!$I$11),MONTH(SET!$J$11),DAY(SET!$L$11)),MAX(0,F14-IF(I14<(G14+H14),0,(I14-(G14+H14)))),0),IF(E14>=DATE(YEAR(SET!$I$11),MONTH(SET!$J$11),DAY(SET!$L$11)),MAX(0,MIN(F14,SET!$L$3)-IF(I14<(G14+H14),0,(I14-(G14+H14)))),0))))))) -> 7 | N14: =IF(D14=0,IF(M14>0,IF((E14-C14)>=365,EDATE(E14,6),EDATE(K14,-6)),""),"") -> 46288 | O14: =IF(D14=0,IF(M14>0,IF((E14-C14)>=365,EDATE(E14,10),EDATE(K14,-2)),""),"") -> 46410
B16: RN 임수빈 | C16: 45299 | E16: =IF(DATEDIF(C16,M$2,"m")<1,"",IF(C16=0,"",IF(EDATE(C16,12)<IF($D16>0,$D16-1,M$2),EDATE(C16,DATEDIF(C16,IF($D16>0,$D16-1,M$2+1),"y")*12),EDATE(C16,DATEDIF(C16,IF($D16>0,$D16-1,M$2+1),"m"))))) -> 46030 | F16: =IF(E16="",0,IF(EDATE(C16,12)<=E16,15+IF((YEAR(E16)-YEAR($C16))>20,10,INT((YEAR(E16)-YEAR($C16)-1)/2)),0)) -> 15 | G16: =IF(E16="",0,IF(E16>=EDATE(C16,12),IF(E16<EDATE(C16,24),IF(C16<SET!$J$20,0,MIN(DATEDIF(C16,E16,"m"),11)),0),IF(D16>C16,IF(E16<=EDATE(C16,12),MIN(DATEDIF(C16,D16+1,"m"),11),0),MIN(DATEDIF(C16,E16,"m"),11)))) -> 0 | H16: 6.5 | I16: =COUNTIF(P16:BW16,SET!$C$15)*SET!$C$16+COUNTIF(P16:BW16,SET!$D$15)*SET!$D$16+COUNTIF(P16:BW16,SET!E$15)*SET!$E$16+COUNTIF(P16:BW16,SET!$F$15)*SET!$F$16+COUNTIF(P16:BW16,SET!$G$15)*SET!$G$16+COUNTIF(P16:BW16,SET!$H$15)*SET!$H$16+COUNTIF(P16:BW16,SET!$I$15)*SET!$I$16+COUNTIF(P16:BW16,)*SET!$K$16+COUNTIF(P16:BW16,SET!$M$15)*SET!$M$16 -> 3.5 | J16: =F16+G16+H16-I16 -> 18 | K16: =IF(E16="","",IF(AND(D16>C16,EDATE(IF(EDATE(C16,12)<D16,C16,E16),12)>D16),"퇴직정산",IF((E16-C16)>=365,EDATE(E16,12),EDATE(C16,24)))) -> 46395 | L16: =IF(K16="퇴직정산",J16,IF((M$2-C16)<365,"미확정",IF(M16="유예","유예",J16-M16))) -> 11 | M16: =IF(C16=0,0,IF(K16="퇴직정산",0,IF(J16<=0,0,IF(EDATE(C16,3)>M$2,"유예",IF(SET!$J$3="없음",0,IF(SET!$J$3="전부",IF(E16>=DATE(YEAR(SET!$I$11),MONTH(SET!$J$11),DAY(SET!$L$11)),MAX(0,F16-IF(I16<(G16+H16),0,(I16-(G16+H16)))),0),IF(E16>=DATE(YEAR(SET!$I$11),MONTH(SET!$J$11),DAY(SET!$L$11)),MAX(0,MIN(F16,SET!$L$3)-IF(I16<(G16+H16),0,(I16-(G16+H16)))),0))))))) -> 7 | N16: =IF(D16=0,IF(M16>0,IF((E16-C16)>=365,EDATE(E16,6),EDATE(K16,-6)),""),"") -> 46211 | O16: =IF(D16=0,IF(M16>0,IF((E16-C16)>=365,EDATE(E16,10),EDATE(K16,-2)),""),"") -> 46334 | P16: 연차 | Q16: 연차 | R16: 연차 | S16: 반차
P17: 25/12/09 | Q17: 26/02/05 | R17: 26/02/11 | S17: 26/02/27
B18: RN 한선화 | C18: 45691 | E18: =IF(DATEDIF(C18,M$2,"m")<1,"",IF(C18=0,"",IF(EDATE(C18,12)<IF($D18>0,$D18-1,M$2),EDATE(C18,DATEDIF(C18,IF($D18>0,$D18-1,M$2+1),"y")*12),EDATE(C18,DATEDIF(C18,IF($D18>0,$D18-1,M$2+1),"m"))))) -> 46056 | F18: =IF(E18="",0,IF(EDATE(C18,12)<=E18,15+IF((YEAR(E18)-YEAR($C18))>20,10,INT((YEAR(E18)-YEAR($C18)-1)/2)),0)) -> 15 | G18: =IF(E18="",0,IF(E18>=EDATE(C18,12),IF(E18<EDATE(C18,24),IF(C18<SET!$J$20,0,MIN(DATEDIF(C18,E18,"m"),11)),0),IF(D18>C18,IF(E18<=EDATE(C18,12),MIN(DATEDIF(C18,D18+1,"m"),11),0),MIN(DATEDIF(C18,E18,"m"),11)))) -> 11 | I18: =COUNTIF(P18:BW18,SET!$C$15)*SET!$C$16+COUNTIF(P18:BW18,SET!$D$15)*SET!$D$16+COUNTIF(P18:BW18,SET!E$15)*SET!$E$16+COUNTIF(P18:BW18,SET!$F$15)*SET!$F$16+COUNTIF(P18:BW18,SET!$G$15)*SET!$G$16+COUNTIF(P18:BW18,SET!$H$15)*SET!$H$16+COUNTIF(P18:BW18,SET!$I$15)*SET!$I$16+COUNTIF(P18:BW18,)*SET!$K$16+COUNTIF(P18:BW18,SET!$M$15)*SET!$M$16 -> 9.5 | J18: =F18+G18+H18-I18 -> 16.5 | K18: =IF(E18="","",IF(AND(D18>C18,EDATE(IF(EDATE(C18,12)<D18,C18,E18),12)>D18),"퇴직정산",IF((E18-C18)>=365,EDATE(E18,12),EDATE(C18,24)))) -> 46421 | L18: =IF(K18="퇴직정산",J18,IF((M$2-C18)<365,"미확정",IF(M18="유예","유예",J18-M18))) -> 9.5 | M18: =IF(C18=0,0,IF(K18="퇴직정산",0,IF(J18<=0,0,IF(EDATE(C18,3)>M$2,"유예",IF(SET!$J$3="없음",0,IF(SET!$J$3="전부",IF(E18>=DATE(YEAR(SET!$I$11),MONTH(SET!$J$11),DAY(SET!$L$11)),MAX(0,F18-IF(I18<(G18+H18),0,(I18-(G18+H18)))),0),IF(E18>=DATE(YEAR(SET!$I$11),MONTH(SET!$J$11),DAY(SET!$L$11)),MAX(0,MIN(F18,SET!$L$3)-IF(I18<(G18+H18),0,(I18-(G18+H18)))),0))))))) -> 7 | N18: =IF(D18=0,IF(M18>0,IF((E18-C18)>=365,EDATE(E18,6),EDATE(K18,-6)),""),"") -> 46237 | O18: =IF(D18=0,IF(M18>0,IF((E18-C18)>=365,EDATE(E18,10),EDATE(K18,-2)),""),"") -> 46359 | P18: 연차 | Q18: 반차 | R18: 연차 | S18: 연차 | T18: 반차 | U18: 연차 | V18: 반차 | W18: 반차 | X18: 연차 | Y18: 반차 | Z18: 연차 | AA18: 연차
P19: 45761 | Q19: 45840 | R19: 45867 | S19: 45868 | T19: 45912 | U19: 45929 | V19: 25/12/29 | W19: 25/12/03 | X19: 26/01/02 | Y19: 26/01/07 | Z19: 26/01/15 | AA19: 26/01/16
A20: 3병동 | B20: HR 이고경 | C20: 43493 | E20: =IF(DATEDIF(C20,M$2,"m")<1,"",IF(C20=0,"",IF(EDATE(C20,12)<IF($D20>0,$D20-1,M$2),EDATE(C20,DATEDIF(C20,IF($D20>0,$D20-1,M$2+1),"y")*12),EDATE(C20,DATEDIF(C20,IF($D20>0,$D20-1,M$2+1),"m"))))) -> 46050 | F20: =IF(E20="",0,IF(EDATE(C20,12)<=E20,15+IF((YEAR(E20)-YEAR($C20))>20,10,INT((YEAR(E20)-YEAR($C20)-1)/2)),0)) -> 18 | G20: =IF(E20="",0,IF(E20>=EDATE(C20,12),IF(E20<EDATE(C20,24),IF(C20<SET!$J$20,0,MIN(DATEDIF(C20,E20,"m"),11)),0),IF(D20>C20,IF(E20<=EDATE(C20,12),MIN(DATEDIF(C20,D20+1,"m"),11),0),MIN(DATEDIF(C20,E20,"m"),11)))) -> 0 | H20: 14.5 | I20: =COUNTIF(P20:BW20,SET!$C$15)*SET!$C$16+COUNTIF(P20:BW20,SET!$D$15)*SET!$D$16+COUNTIF(P20:BW20,SET!E$15)*SET!$E$16+COUNTIF(P20:BW20,SET!$F$15)*SET!$F$16+COUNTIF(P20:BW20,SET!$G$15)*SET!$G$16+COUNTIF(P20:BW20,SET!$H$15)*SET!$H$16+COUNTIF(P20:BW20,SET!$I$15)*SET!$I$16+COUNTIF(P20:BW20,)*SET!$K$16+COUNTIF(P20:BW20,SET!$M$15)*SET!$M$16 -> 8.5 | J20: =F20+G20+H20-I20 -> 24 | K20: =IF(E20="","",IF(AND(D20>C20,EDATE(IF(EDATE(C20,12)<D20,C20,E20),12)>D20),"퇴직정산",IF((E20-C20)>=365,EDATE(E20,12),EDATE(C20,24)))) -> 46415 | L20: =IF(K20="퇴직정산",J20,IF((M$2-C20)<365,"미확정",IF(M20="유예","유예",J20-M20))) -> 17 | M20: =IF(C20=0,0,IF(K20="퇴직정산",0,IF(J20<=0,0,IF(EDATE(C20,3)>M$2,"유예",IF(SET!$J$3="없음",0,IF(SET!$J$3="전부",IF(E20>=DATE(YEAR(SET!$I$11),MONTH(SET!$J$11),DAY(SET!$L$11)),MAX(0,F20-IF(I20<(G20+H20),0,(I20-(G20+H20)))),0),IF(E20>=DATE(YEAR(SET!$I$11),MONTH(SET!$J$11),DAY(SET!$L$11)),MAX(0,MIN(F20,SET!$L$3)-IF(I20<(G20+H20),0,(I20-(G20+H20)))),0))))))) -> 7 | N20: =IF(D20=0,IF(M20>0,IF((E20-C20)>=365,EDATE(E20,6),EDATE(K20,-6)),""),"") -> 46231 | O20: =IF(D20=0,IF(M20>0,IF((E20-C20)>=365,EDATE(E20,10),EDATE(K20,-2)),""),"") -> 46354 | P20: 연차 | Q20: 연차 | R20: 반차 | S20: 연차 | T20: 반차 | U20: 연차 | V20: 연차 | W20: 연차 | X20: 연차 | Y20: 반차
P21: 26/01/24 | Q21: 26/01/25 | R21: 26/02/07 | S21: 26/02/19 | T21: 26/03/14 | U21: 26/04/09 | V21: 26/04/10 | W21: 26/04/11 | X21: 26/04/12 | Y21: 26/04/25
B22: CN 배효정 | C22: 43864 | E22: =IF(DATEDIF(C22,M$2,"m")<1,"",IF(C22=0,"",IF(EDATE(C22,12)<IF($D22>0,$D22-1,M$2),EDATE(C22,DATEDIF(C22,IF($D22>0,$D22-1,M$2+1),"y")*12),EDATE(C22,DATEDIF(C22,IF($D22>0,$D22-1,M$2+1),"m"))))) -> 46056 | F22: =IF(E22="",0,IF(EDATE(C22,12)<=E22,15+IF((YEAR(E22)-YEAR($C22))>20,10,INT((YEAR(E22)-YEAR($C22)-1)/2)),0)) -> 17 | G22: =IF(E22="",0,IF(E22>=EDATE(C22,12),IF(E22<EDATE(C22,24),IF(C22<SET!$J$20,0,MIN(DATEDIF(C22,E22,"m"),11)),0),IF(D22>C22,IF(E22<=EDATE(C22,12),MIN(DATEDIF(C22,D22+1,"m"),11),0),MIN(DATEDIF(C22,E22,"m"),11)))) -> 0 | H22: 29 | I22: =COUNTIF(P22:BW22,SET!$C$15)*SET!$C$16+COUNTIF(P22:BW22,SET!$D$15)*SET!$D$16+COUNTIF(P22:BW22,SET!E$15)*SET!$E$16+COUNTIF(P22:BW22,SET!$F$15)*SET!$F$16+COUNTIF(P22:BW22,SET!$G$15)*SET!$G$16+COUNTIF(P22:BW22,SET!$H$15)*SET!$H$16+COUNTIF(P22:BW22,SET!$I$15)*SET!$I$16+COUNTIF(P22:BW22,)*SET!$K$16+COUNTIF(P22:BW22,SET!$M$15)*SET!$M$16 -> 0 | J22: =F22+G22+H22-I22 -> 46 | K22: =IF(E22="","",IF(AND(D22>C22,EDATE(IF(EDATE(C22,12)<D22,C22,E22),12)>D22),"퇴직정산",IF((E22-C22)>=365,EDATE(E22,12),EDATE(C22,24)))) -> 46421 | L22: =IF(K22="퇴직정산",J22,IF((M$2-C22)<365,"미확정",IF(M22="유예","유예",J22-M22))) -> 39 | M22: =IF(C22=0,0,IF(K22="퇴직정산",0,IF(J22<=0,0,IF(EDATE(C22,3)>M$2,"유예",IF(SET!$J$3="없음",0,IF(SET!$J$3="전부",IF(E22>=DATE(YEAR(SET!$I$11),MONTH(SET!$J$11),DAY(SET!$L$11)),MAX(0,F22-IF(I22<(G22+H22),0,(I22-(G22+H22)))),0),IF(E22>=DATE(YEAR(SET!$I$11),MONTH(SET!$J$11),DAY(SET!$L$11)),MAX(0,MIN(F22,SET!$L$3)-IF(I22<(G22+H22),0,(I22-(G22+H22)))),0))))))) -> 7 | N22: =IF(D22=0,IF(M22>0,IF((E22-C22)>=365,EDATE(E22,6),EDATE(K22,-6)),""),"") -> 46237 | O22: =IF(D22=0,IF(M22>0,IF((E22-C22)>=365,EDATE(E22,10),EDATE(K22,-2)),""),"") -> 46359
B24: RN 사공금옥 | C24: 43467 | E24: =IF(DATEDIF(C24,M$2,"m")<1,"",IF(C24=0,"",IF(EDATE(C24,12)<IF($D24>0,$D24-1,M$2),EDATE(C24,DATEDIF(C24,IF($D24>0,$D24-1,M$2+1),"y")*12),EDATE(C24,DATEDIF(C24,IF($D24>0,$D24-1,M$2+1),"m"))))) -> 46024 | F24: =IF(E24="",0,IF(EDATE(C24,12)<=E24,15+IF((YEAR(E24)-YEAR($C24))>20,10,INT((YEAR(E24)-YEAR($C24)-1)/2)),0)) -> 18 | G24: =IF(E24="",0,IF(E24>=EDATE(C24,12),IF(E24<EDATE(C24,24),IF(C24<SET!$J$20,0,MIN(DATEDIF(C24,E24,"m"),11)),0),IF(D24>C24,IF(E24<=EDATE(C24,12),MIN(DATEDIF(C24,D24+1,"m"),11),0),MIN(DATEDIF(C24,E24,"m"),11)))) -> 0 | H24: 5.5 | I24: =COUNTIF(P24:BW24,SET!$C$15)*SET!$C$16+COUNTIF(P24:BW24,SET!$D$15)*SET!$D$16+COUNTIF(P24:BW24,SET!E$15)*SET!$E$16+COUNTIF(P24:BW24,SET!$F$15)*SET!$F$16+COUNTIF(P24:BW24,SET!$G$15)*SET!$G$16+COUNTIF(P24:BW24,SET!$H$15)*SET!$H$16+COUNTIF(P24:BW24,SET!$I$15)*SET!$I$16+COUNTIF(P24:BW24,)*SET!$K$16+COUNTIF(P24:BW24,SET!$M$15)*SET!$M$16 -> 7 | J24: =F24+G24+H24-I24 -> 16.5 | K24: =IF(E24="","",IF(AND(D24>C24,EDATE(IF(EDATE(C24,12)<D24,C24,E24),12)>D24),"퇴직정산",IF((E24-C24)>=365,EDATE(E24,12),EDATE(C24,24)))) -> 46389 | L24: =IF(K24="퇴직정산",J24,IF((M$2-C24)<365,"미확정",IF(M24="유예","유예",J24-M24))) -> 11 | M24: =IF(C24=0,0,IF(K24="퇴직정산",0,IF(J24<=0,0,IF(EDATE(C24,3)>M$2,"유예",IF(SET!$J$3="없음",0,IF(SET!$J$3="전부",IF(E24>=DATE(YEAR(SET!$I$11),MONTH(SET!$J$11),DAY(SET!$L$11)),MAX(0,F24-IF(I24<(G24+H24),0,(I24-(G24+H24)))),0),IF(E24>=DATE(YEAR(SET!$I$11),MONTH(SET!$J$11),DAY(SET!$L$11)),MAX(0,MIN(F24,SET!$L$3)-IF(I24<(G24+H24),0,(I24-(G24+H24)))),0))))))) -> 5.5 | N24: =IF(D24=0,IF(M24>0,IF((E24-C24)>=365,EDATE(E24,6),EDATE(K24,-6)),""),"") -> 46205 | O24: =IF(D24=0,IF(M24>0,IF((E24-C24)>=365,EDATE(E24,10),EDATE(K24,-2)),""),"") -> 46328 | P24: 연차 | Q24: 반차 | R24: 연차 | S24: 연차 | T24: 연차 | U24: 연차 | V24: 반차 | W24: 연차
P25: 25/12/26 | Q25: 25/12/16 | R25: 26/01/03 | S25: 26/01/04 | T25: 26/02/12 | U25: 26/02/13 | V25: 26/04/02 | W25: 26/04/03
B26: RN 김채원 | C26: 42835 | E26: =IF(DATEDIF(C26,M$2,"m")<1,"",IF(C26=0,"",IF(EDATE(C26,12)<IF($D26>0,$D26-1,M$2),EDATE(C26,DATEDIF(C26,IF($D26>0,$D26-1,M$2+1),"y")*12),EDATE(C26,DATEDIF(C26,IF($D26>0,$D26-1,M$2+1),"m"))))) -> 46122 | F26: =IF(E26="",0,IF(EDATE(C26,12)<=E26,15+IF((YEAR(E26)-YEAR($C26))>20,10,INT((YEAR(E26)-YEAR($C26)-1)/2)),0)) -> 19 | G26: =IF(E26="",0,IF(E26>=EDATE(C26,12),IF(E26<EDATE(C26,24),IF(C26<SET!$J$20,0,MIN(DATEDIF(C26,E26,"m"),11)),0),IF(D26>C26,IF(E26<=EDATE(C26,12),MIN(DATEDIF(C26,D26+1,"m"),11),0),MIN(DATEDIF(C26,E26,"m"),11)))) -> 0 | H26: 12 | I26: =COUNTIF(P26:BW26,SET!$C$15)*SET!$C$16+COUNTIF(P26:BW26,SET!$D$15)*SET!$D$16+COUNTIF(P26:BW26,SET!E$15)*SET!$E$16+COUNTIF(P26:BW26,SET!$F$15)*SET!$F$16+COUNTIF(P26:BW26,SET!$G$15)*SET!$G$16+COUNTIF(P26:BW26,SET!$H$15)*SET!$H$16+COUNTIF(P26:BW26,SET!$I$15)*SET!$I$16+COUNTIF(P26:BW26,)*SET!$K$16+COUNTIF(P26:BW26,SET!$M$15)*SET!$M$16 -> 4 | J26: =F26+G26+H26-I26 -> 27 | K26: =IF(E26="","",IF(AND(D26>C26,EDATE(IF(EDATE(C26,12)<D26,C26,E26),12)>D26),"퇴직정산",IF((E26-C26)>=365,EDATE(E26,12),EDATE(C26,24)))) -> 46487 | L26: =IF(K26="퇴직정산",J26,IF((M$2-C26)<365,"미확정",IF(M26="유예","유예",J26-M26))) -> 20 | M26: =IF(C26=0,0,IF(K26="퇴직정산",0,IF(J26<=0,0,IF(EDATE(C26,3)>M$2,"유예",IF(SET!$J$3="없음",0,IF(SET!$J$3="전부",IF(E26>=DATE(YEAR(SET!$I$11),MONTH(SET!$J$11),DAY(SET!$L$11)),MAX(0,F26-IF(I26<(G26+H26),0,(I26-(G26+H26)))),0),IF(E26>=DATE(YEAR(SET!$I$11),MONTH(SET!$J$11),DAY(SET!$L$11)),MAX(0,MIN(F26,SET!$L$3)-IF(I26<(G26+H26),0,(I26-(G26+H26)))),0))))))) -> 7 | N26: =IF(D26=0,IF(M26>0,IF((E26-C26)>=365,EDATE(E26,6),EDATE(K26,-6)),""),"") -> 46305 | O26: =IF(D26=0,IF(M26>0,IF((E26-C26)>=365,EDATE(E26,10),EDATE(K26,-2)),""),"") -> 46428 | P26: 연차 | Q26: 연차 | R26: 연차 | S26: 연차
P27: 26/03/14 | Q27: 26/04/03 | R27: 26/04/05 | S27: 26/04/06
B28: RN 유지수 | C28: 44046 | E28: =IF(DATEDIF(C28,M$2,"m")<1,"",IF(C28=0,"",IF(EDATE(C28,12)<IF($D28>0,$D28-1,M$2),EDATE(C28,DATEDIF(C28,IF($D28>0,$D28-1,M$2+1),"y")*12),EDATE(C28,DATEDIF(C28,IF($D28>0,$D28-1,M$2+1),"m"))))) -> 45872 | F28: =IF(E28="",0,IF(EDATE(C28,12)<=E28,15+IF((YEAR(E28)-YEAR($C28))>20,10,INT((YEAR(E28)-YEAR($C28)-1)/2)),0)) -> 17 | G28: =IF(E28="",0,IF(E28>=EDATE(C28,12),IF(E28<EDATE(C28,24),IF(C28<SET!$J$20,0,MIN(DATEDIF(C28,E28,"m"),11)),0),IF(D28>C28,IF(E28<=EDATE(C28,12),MIN(DATEDIF(C28,D28+1,"m"),11),0),MIN(DATEDIF(C28,E28,"m"),11)))) -> 0 | H28: 1 | I28: =COUNTIF(P28:BW28,SET!$C$15)*SET!$C$16+COUNTIF(P28:BW28,SET!$D$15)*SET!$D$16+COUNTIF(P28:BW28,SET!E$15)*SET!$E$16+COUNTIF(P28:BW28,SET!$F$15)*SET!$F$16+COUNTIF(P28:BW28,SET!$G$15)*SET!$G$16+COUNTIF(P28:BW28,SET!$H$15)*SET!$H$16+COUNTIF(P28:BW28,SET!$I$15)*SET!$I$16+COUNTIF(P28:BW28,)*SET!$K$16+COUNTIF(P28:BW28,SET!$M$15)*SET!$M$16 -> 13 | J28: =F28+G28+H28-I28 -> 5 | K28: =IF(E28="","",IF(AND(D28>C28,EDATE(IF(EDATE(C28,12)<D28,C28,E28),12)>D28),"퇴직정산",IF((E28-C28)>=365,EDATE(E28,12),EDATE(C28,24)))) -> 46237 | L28: =IF(K28="퇴직정산",J28,IF((M$2-C28)<365,"미확정",IF(M28="유예","유예",J28-M28))) -> 5 | M28: =IF(C28=0,0,IF(K28="퇴직정산",0,IF(J28<=0,0,IF(EDATE(C28,3)>M$2,"유예",IF(SET!$J$3="없음",0,IF(SET!$J$3="전부",IF(E28>=DATE(YEAR(SET!$I$11),MONTH(SET!$J$11),DAY(SET!$L$11)),MAX(0,F28-IF(I28<(G28+H28),0,(I28-(G28+H28)))),0),IF(E28>=DATE(YEAR(SET!$I$11),MONTH(SET!$J$11),DAY(SET!$L$11)),MAX(0,MIN(F28,SET!$L$3)-IF(I28<(G28+H28),0,(I28-(G28+H28)))),0))))))) -> 0 | N28: =IF(D28=0,IF(M28>0,IF((E28-C28)>=365,EDATE(E28,6),EDATE(K28,-6)),""),"") | O28: =IF(D28=0,IF(M28>0,IF((E28-C28)>=365,EDATE(E28,10),EDATE(K28,-2)),""),"") | P28: 연차 | Q28: 연차 | R28: 연차 | S28: 연차 | T28: 연차 | U28: 연차 | V28: 연차 | W28: 연차 | X28: 연차 | Y28: 연차 | Z28: 연차 | AA28: 연차 | AB28: 연차
P29: 45843 | Q29: 45844 | R29: 45845 | S29: 45846 | T29: 45902 | U29: 45985 | V29: 45986 | W29: 25/12/27 | X29: 26/01/22 | Y29: 26/03/30 | Z29: 26/03/31 | AA29: 26/04/07 | AB29: 26/04/08
B30: RN 경규록 | C30: 44263 | E30: =IF(DATEDIF(C30,M$2,"m")<1,"",IF(C30=0,"",IF(EDATE(C30,12)<IF($D30>0,$D30-1,M$2),EDATE(C30,DATEDIF(C30,IF($D30>0,$D30-1,M$2+1),"y")*12),EDATE(C30,DATEDIF(C30,IF($D30>0,$D30-1,M$2+1),"m"))))) -> 46089 | F30: =IF(E30="",0,IF(EDATE(C30,12)<=E30,15+IF((YEAR(E30)-YEAR($C30))>20,10,INT((YEAR(E30)-YEAR($C30)-1)/2)),0)) -> 17 | G30: =IF(E30="",0,IF(E30>=EDATE(C30,12),IF(E30<EDATE(C30,24),IF(C30<SET!$J$20,0,MIN(DATEDIF(C30,E30,"m"),11)),0),IF(D30>C30,IF(E30<=EDATE(C30,12),MIN(DATEDIF(C30,D30+1,"m"),11),0),MIN(DATEDIF(C30,E30,"m"),11)))) -> 0 | H30: 11.5 | I30: =COUNTIF(P30:BW30,SET!$C$15)*SET!$C$16+COUNTIF(P30:BW30,SET!$D$15)*SET!$D$16+COUNTIF(P30:BW30,SET!E$15)*SET!$E$16+COUNTIF(P30:BW30,SET!$F$15)*SET!$F$16+COUNTIF(P30:BW30,SET!$G$15)*SET!$G$16+COUNTIF(P30:BW30,SET!$H$15)*SET!$H$16+COUNTIF(P30:BW30,SET!$I$15)*SET!$I$16+COUNTIF(P30:BW30,)*SET!$K$16+COUNTIF(P30:BW30,SET!$M$15)*SET!$M$16 -> 2 | J30: =F30+G30+H30-I30 -> 26.5 | K30: =IF(E30="","",IF(AND(D30>C30,EDATE(IF(EDATE(C30,12)<D30,C30,E30),12)>D30),"퇴직정산",IF((E30-C30)>=365,EDATE(E30,12),EDATE(C30,24)))) -> 46454 | L30: =IF(K30="퇴직정산",J30,IF((M$2-C30)<365,"미확정",IF(M30="유예","유예",J30-M30))) -> 19.5 | M30: =IF(C30=0,0,IF(K30="퇴직정산",0,IF(J30<=0,0,IF(EDATE(C30,3)>M$2,"유예",IF(SET!$J$3="없음",0,IF(SET!$J$3="전부",IF(E30>=DATE(YEAR(SET!$I$11),MONTH(SET!$J$11),DAY(SET!$L$11)),MAX(0,F30-IF(I30<(G30+H30),0,(I30-(G30+H30)))),0),IF(E30>=DATE(YEAR(SET!$I$11),MONTH(SET!$J$11),DAY(SET!$L$11)),MAX(0,MIN(F30,SET!$L$3)-IF(I30<(G30+H30),0,(I30-(G30+H30)))),0))))))) -> 7 | N30: =IF(D30=0,IF(M30>0,IF((E30-C30)>=365,EDATE(E30,6),EDATE(K30,-6)),""),"") -> 46273 | O30: =IF(D30=0,IF(M30>0,IF((E30-C30)>=365,EDATE(E30,10),EDATE(K30,-2)),""),"") -> 46395 | P30: 연차 | Q30: 연차
P31: 26/02/17 | Q31: 26/03/20
B32: RN 김규리 | C32: 44928 | E32: =IF(DATEDIF(C32,M$2,"m")<1,"",IF(C32=0,"",IF(EDATE(C32,12)<IF($D32>0,$D32-1,M$2),EDATE(C32,DATEDIF(C32,IF($D32>0,$D32-1,M$2+1),"y")*12),EDATE(C32,DATEDIF(C32,IF($D32>0,$D32-1,M$2+1),"m"))))) -> 46024 | F32: =IF(E32="",0,IF(EDATE(C32,12)<=E32,15+IF((YEAR(E32)-YEAR($C32))>20,10,INT((YEAR(E32)-YEAR($C32)-1)/2)),0)) -> 16 | G32: =IF(E32="",0,IF(E32>=EDATE(C32,12),IF(E32<EDATE(C32,24),IF(C32<SET!$J$20,0,MIN(DATEDIF(C32,E32,"m"),11)),0),IF(D32>C32,IF(E32<=EDATE(C32,12),MIN(DATEDIF(C32,D32+1,"m"),11),0),MIN(DATEDIF(C32,E32,"m"),11)))) -> 0 | H32: 0 | I32: =COUNTIF(P32:BW32,SET!$C$15)*SET!$C$16+COUNTIF(P32:BW32,SET!$D$15)*SET!$D$16+COUNTIF(P32:BW32,SET!E$15)*SET!$E$16+COUNTIF(P32:BW32,SET!$F$15)*SET!$F$16+COUNTIF(P32:BW32,SET!$G$15)*SET!$G$16+COUNTIF(P32:BW32,SET!$H$15)*SET!$H$16+COUNTIF(P32:BW32,SET!$I$15)*SET!$I$16+COUNTIF(P32:BW32,)*SET!$K$16+COUNTIF(P32:BW32,SET!$M$15)*SET!$M$16 -> 6 | J32: =F32+G32+H32-I32 -> 10 | K32: =IF(E32="","",IF(AND(D32>C32,EDATE(IF(EDATE(C32,12)<D32,C32,E32),12)>D32),"퇴직정산",IF((E32-C32)>=365,EDATE(E32,12),EDATE(C32,24)))) -> 46389 | L32: =IF(K32="퇴직정산",J32,IF((M$2-C32)<365,"미확정",IF(M32="유예","유예",J32-M32))) -> 9 | M32: =IF(C32=0,0,IF(K32="퇴직정산",0,IF(J32<=0,0,IF(EDATE(C32,3)>M$2,"유예",IF(SET!$J$3="없음",0,IF(SET!$J$3="전부",IF(E32>=DATE(YEAR(SET!$I$11),MONTH(SET!$J$11),DAY(SET!$L$11)),MAX(0,F32-IF(I32<(G32+H32),0,(I32-(G32+H32)))),0),IF(E32>=DATE(YEAR(SET!$I$11),MONTH(SET!$J$11),DAY(SET!$L$11)),MAX(0,MIN(F32,SET!$L$3)-IF(I32<(G32+H32),0,(I32-(G32+H32)))),0))))))) -> 1 | N32: =IF(D32=0,IF(M32>0,IF((E32-C32)>=365,EDATE(E32,6),EDATE(K32,-6)),""),"") -> 46205 | O32: =IF(D32=0,IF(M32>0,IF((E32-C32)>=365,EDATE(E32,10),EDATE(K32,-2)),""),"") -> 46328 | P32: 연차 | Q32: 연차 | R32: 연차 | S32: 연차 | T32: 연차 | U32: 연차
P33: 25/12/18 | Q33: 25/12/19 | R33: 26/03/22 | S33: 26/03/23 | T33: 26/04/12 | U33: 26/04/13
B34: RN 김가현 | C34: 45236 | E34: =IF(DATEDIF(C34,M$2,"m")<1,"",IF(C34=0,"",IF(EDATE(C34,12)<IF($D34>0,$D34-1,M$2),EDATE(C34,DATEDIF(C34,IF($D34>0,$D34-1,M$2+1),"y")*12),EDATE(C34,DATEDIF(C34,IF($D34>0,$D34-1,M$2+1),"m"))))) -> 45967 | F34: =IF(E34="",0,IF(EDATE(C34,12)<=E34,15+IF((YEAR(E34)-YEAR($C34))>20,10,INT((YEAR(E34)-YEAR($C34)-1)/2)),0)) -> 15 | G34: =IF(E34="",0,IF(E34>=EDATE(C34,12),IF(E34<EDATE(C34,24),IF(C34<SET!$J$20,0,MIN(DATEDIF(C34,E34,"m"),11)),0),IF(D34>C34,IF(E34<=EDATE(C34,12),MIN(DATEDIF(C34,D34+1,"m"),11),0),MIN(DATEDIF(C34,E34,"m"),11)))) -> 0 | H34: -3.5 | I34: =COUNTIF(P34:BW34,SET!$C$15)*SET!$C$16+COUNTIF(P34:BW34,SET!$D$15)*SET!$D$16+COUNTIF(P34:BW34,SET!E$15)*SET!$E$16+COUNTIF(P34:BW34,SET!$F$15)*SET!$F$16+COUNTIF(P34:BW34,SET!$G$15)*SET!$G$16+COUNTIF(P34:BW34,SET!$H$15)*SET!$H$16+COUNTIF(P34:BW34,SET!$I$15)*SET!$I$16+COUNTIF(P34:BW34,)*SET!$K$16+COUNTIF(P34:BW34,SET!$M$15)*SET!$M$16 -> 5 | J34: =F34+G34+H34-I34 -> 6.5 | K34: =IF(E34="","",IF(AND(D34>C34,EDATE(IF(EDATE(C34,12)<D34,C34,E34),12)>D34),"퇴직정산",IF((E34-C34)>=365,EDATE(E34,12),EDATE(C34,24)))) -> 46332 | L34: =IF(K34="퇴직정산",J34,IF((M$2-C34)<365,"미확정",IF(M34="유예","유예",J34-M34))) -> 6.5 | M34: =IF(C34=0,0,IF(K34="퇴직정산",0,IF(J34<=0,0,IF(EDATE(C34,3)>M$2,"유예",IF(SET!$J$3="없음",0,IF(SET!$J$3="전부",IF(E34>=DATE(YEAR(SET!$I$11),MONTH(SET!$J$11),DAY(SET!$L$11)),MAX(0,F34-IF(I34<(G34+H34),0,(I34-(G34+H34)))),0),IF(E34>=DATE(YEAR(SET!$I$11),MONTH(SET!$J$11),DAY(SET!$L$11)),MAX(0,MIN(F34,SET!$L$3)-IF(I34<(G34+H34),0,(I34-(G34+H34)))),0))))))) -> 0 | N34: =IF(D34=0,IF(M34>0,IF((E34-C34)>=365,EDATE(E34,6),EDATE(K34,-6)),""),"") | O34: =IF(D34=0,IF(M34>0,IF((E34-C34)>=365,EDATE(E34,10),EDATE(K34,-2)),""),"") | P34: 연차 | Q34: 연차 | R34: 연차 | S34: 연차 | T34: 연차
P35: 45991 | Q35: 25/12/03 | R35: 25/12/04 | S35: 26/04/04 | T35: 26/04/09
B36: RN 이지원 | C36: 45278 | E36: =IF(DATEDIF(C36,M$2,"m")<1,"",IF(C36=0,"",IF(EDATE(C36,12)<IF($D36>0,$D36-1,M$2),EDATE(C36,DATEDIF(C36,IF($D36>0,$D36-1,M$2+1),"y")*12),EDATE(C36,DATEDIF(C36,IF($D36>0,$D36-1,M$2+1),"m"))))) -> 46009 | F36: =IF(E36="",0,IF(EDATE(C36,12)<=E36,15+IF((YEAR(E36)-YEAR($C36))>20,10,INT((YEAR(E36)-YEAR($C36)-1)/2)),0)) -> 15 | G36: =IF(E36="",0,IF(E36>=EDATE(C36,12),IF(E36<EDATE(C36,24),IF(C36<SET!$J$20,0,MIN(DATEDIF(C36,E36,"m"),11)),0),IF(D36>C36,IF(E36<=EDATE(C36,12),MIN(DATEDIF(C36,D36+1,"m"),11),0),MIN(DATEDIF(C36,E36,"m"),11)))) -> 0 | H36: 1 | I36: =COUNTIF(P36:BW36,SET!$C$15)*SET!$C$16+COUNTIF(P36:BW36,SET!$D$15)*SET!$D$16+COUNTIF(P36:BW36,SET!E$15)*SET!$E$16+COUNTIF(P36:BW36,SET!$F$15)*SET!$F$16+COUNTIF(P36:BW36,SET!$G$15)*SET!$G$16+COUNTIF(P36:BW36,SET!$H$15)*SET!$H$16+COUNTIF(P36:BW36,SET!$I$15)*SET!$I$16+COUNTIF(P36:BW36,)*SET!$K$16+COUNTIF(P36:BW36,SET!$M$15)*SET!$M$16 -> 4 | J36: =F36+G36+H36-I36 -> 12 | K36: =IF(E36="","",IF(AND(D36>C36,EDATE(IF(EDATE(C36,12)<D36,C36,E36),12)>D36),"퇴직정산",IF((E36-C36)>=365,EDATE(E36,12),EDATE(C36,24)))) -> 46374 | L36: =IF(K36="퇴직정산",J36,IF((M$2-C36)<365,"미확정",IF(M36="유예","유예",J36-M36))) -> 8 | M36: =IF(C36=0,0,IF(K36="퇴직정산",0,IF(J36<=0,0,IF(EDATE(C36,3)>M$2,"유예",IF(SET!$J$3="없음",0,IF(SET!$J$3="전부",IF(E36>=DATE(YEAR(SET!$I$11),MONTH(SET!$J$11),DAY(SET!$L$11)),MAX(0,F36-IF(I36<(G36+H36),0,(I36-(G36+H36)))),0),IF(E36>=DATE(YEAR(SET!$I$11),MONTH(SET!$J$11),DAY(SET!$L$11)),MAX(0,MIN(F36,SET!$L$3)-IF(I36<(G36+H36),0,(I36-(G36+H36)))),0))))))) -> 4 | N36: =IF(D36=0,IF(M36>0,IF((E36-C36)>=365,EDATE(E36,6),EDATE(K36,-6)),""),"") -> 46191 | O36: =IF(D36=0,IF(M36>0,IF((E36-C36)>=365,EDATE(E36,10),EDATE(K36,-2)),""),"") -> 46313 | P36: 연차 | Q36: 연차 | R36: 연차 | S36: 연차
P37: 46032 | Q37: 46115 | R37: 46116 | S37: 46117
B38: RN 양진주 | C38: 45432 | E38: =IF(DATEDIF(C38,M$2,"m")<1,"",IF(C38=0,"",IF(EDATE(C38,12)<IF($D38>0,$D38-1,M$2),EDATE(C38,DATEDIF(C38,IF($D38>0,$D38-1,M$2+1),"y")*12),EDATE(C38,DATEDIF(C38,IF($D38>0,$D38-1,M$2+1),"m"))))) -> 45797 | F38: =IF(E38="",0,IF(EDATE(C38,12)<=E38,15+IF((YEAR(E38)-YEAR($C38))>20,10,INT((YEAR(E38)-YEAR($C38)-1)/2)),0)) -> 15 | G38: =IF(E38="",0,IF(E38>=EDATE(C38,12),IF(E38<EDATE(C38,24),IF(C38<SET!$J$20,0,MIN(DATEDIF(C38,E38,"m"),11)),0),IF(D38>C38,IF(E38<=EDATE(C38,12),MIN(DATEDIF(C38,D38+1,"m"),11),0),MIN(DATEDIF(C38,E38,"m"),11)))) -> 11 | I38: =COUNTIF(P38:BW38,SET!$C$15)*SET!$C$16+COUNTIF(P38:BW38,SET!$D$15)*SET!$D$16+COUNTIF(P38:BW38,SET!E$15)*SET!$E$16+COUNTIF(P38:BW38,SET!$F$15)*SET!$F$16+COUNTIF(P38:BW38,SET!$G$15)*SET!$G$16+COUNTIF(P38:BW38,SET!$H$15)*SET!$H$16+COUNTIF(P38:BW38,SET!$I$15)*SET!$I$16+COUNTIF(P38:BW38,)*SET!$K$16+COUNTIF(P38:BW38,SET!$M$15)*SET!$M$16 -> 24 | J38: =F38+G38+H38-I38 -> 2 | K38: =IF(E38="","",IF(AND(D38>C38,EDATE(IF(EDATE(C38,12)<D38,C38,E38),12)>D38),"퇴직정산",IF((E38-C38)>=365,EDATE(E38,12),EDATE(C38,24)))) -> 46162 | L38: =IF(K38="퇴직정산",J38,IF((M$2-C38)<365,"미확정",IF(M38="유예","유예",J38-M38))) -> 2 | M38: =IF(C38=0,0,IF(K38="퇴직정산",0,IF(J38<=0,0,IF(EDATE(C38,3)>M$2,"유예",IF(SET!$J$3="없음",0,IF(SET!$J$3="전부",IF(E38>=DATE(YEAR(SET!$I$11),MONTH(SET!$J$11),DAY(SET!$L$11)),MAX(0,F38-IF(I38<(G38+H38),0,(I38-(G38+H38)))),0),IF(E38>=DATE(YEAR(SET!$I$11),MONTH(SET!$J$11),DAY(SET!$L$11)),MAX(0,MIN(F38,SET!$L$3)-IF(I38<(G38+H38),0,(I38-(G38+H38)))),0))))))) -> 0 | N38: =IF(D38=0,IF(M38>0,IF((E38-C38)>=365,EDATE(E38,6),EDATE(K38,-6)),""),"") | O38: =IF(D38=0,IF(M38>0,IF((E38-C38)>=365,EDATE(E38,10),EDATE(K38,-2)),""),"") | P38: 연차 | Q38: 연차 | R38: 연차 | S38: 연차 | T38: 연차 | U38: 연차 | V38: 연차 | W38: 연차 | X38: 연차 | Y38: 연차 | Z38: 연차 | AA38: 연차 | AB38: 연차 | AC38: 연차 | AD38: 연차 | AE38: 연차 | AF38: 연차 | AG38: 연차 | AH38: 연차 | AI38: 연차 | AJ38: 연차 | AK38: 연차 | AL38: 연차 | AM38: 연차
P39: 45500 | Q39: 45501 | R39: 45514 | S39: 45648 | T39: 45697 | U39: 45752 | V39: 45859 | W39: 45860 | X39: 45861 | Y39: 45865 | Z39: 45866 | AA39: 45867 | AB39: 45879 | AC39: 45914 | AD39: 45915 | AE39: 45990 | AF39: 45991 | AG39: 25/12/09 | AH39: 25/12/10 | AI39: 25/12/11 | AJ39: 26/01/07 | AK39: 26/04/14 | AL39: 26/04/15 | AM39: 26/04/23
B40: RN 최다솜 | C40: 44144 | E40: =IF(DATEDIF(C40,M$2,"m")<1,"",IF(C40=0,"",IF(EDATE(C40,12)<IF($D40>0,$D40-1,M$2),EDATE(C40,DATEDIF(C40,IF($D40>0,$D40-1,M$2+1),"y")*12),EDATE(C40,DATEDIF(C40,IF($D40>0,$D40-1,M$2+1),"m"))))) -> 45970 | F40: =IF(E40="",0,IF(EDATE(C40,12)<=E40,15+IF((YEAR(E40)-YEAR($C40))>20,10,INT((YEAR(E40)-YEAR($C40)-1)/2)),0)) -> 17 | G40: =IF(E40="",0,IF(E40>=EDATE(C40,12),IF(E40<EDATE(C40,24),IF(C40<SET!$J$20,0,MIN(DATEDIF(C40,E40,"m"),11)),0),IF(D40>C40,IF(E40<=EDATE(C40,12),MIN(DATEDIF(C40,D40+1,"m"),11),0),MIN(DATEDIF(C40,E40,"m"),11)))) -> 0 | H40: 13 | I40: =COUNTIF(P40:BW40,SET!$C$15)*SET!$C$16+COUNTIF(P40:BW40,SET!$D$15)*SET!$D$16+COUNTIF(P40:BW40,SET!E$15)*SET!$E$16+COUNTIF(P40:BW40,SET!$F$15)*SET!$F$16+COUNTIF(P40:BW40,SET!$G$15)*SET!$G$16+COUNTIF(P40:BW40,SET!$H$15)*SET!$H$16+COUNTIF(P40:BW40,SET!$I$15)*SET!$I$16+COUNTIF(P40:BW40,)*SET!$K$16+COUNTIF(P40:BW40,SET!$M$15)*SET!$M$16 -> 23 | J40: =F40+G40+H40-I40 -> 7 | K40: =IF(E40="","",IF(AND(D40>C40,EDATE(IF(EDATE(C40,12)<D40,C40,E40),12)>D40),"퇴직정산",IF((E40-C40)>=365,EDATE(E40,12),EDATE(C40,24)))) -> 46335 | L40: =IF(K40="퇴직정산",J40,IF((M$2-C40)<365,"미확정",IF(M40="유예","유예",J40-M40))) -> 7 | M40: =IF(C40=0,0,IF(K40="퇴직정산",0,IF(J40<=0,0,IF(EDATE(C40,3)>M$2,"유예",IF(SET!$J$3="없음",0,IF(SET!$J$3="전부",IF(E40>=DATE(YEAR(SET!$I$11),MONTH(SET!$J$11),DAY(SET!$L$11)),MAX(0,F40-IF(I40<(G40+H40),0,(I40-(G40+H40)))),0),IF(E40>=DATE(YEAR(SET!$I$11),MONTH(SET!$J$11),DAY(SET!$L$11)),MAX(0,MIN(F40,SET!$L$3)-IF(I40<(G40+H40),0,(I40-(G40+H40)))),0))))))) -> 0 | N40: =IF(D40=0,IF(M40>0,IF((E40-C40)>=365,EDATE(E40,6),EDATE(K40,-6)),""),"") | O40: =IF(D40=0,IF(M40>0,IF((E40-C40)>=365,EDATE(E40,10),EDATE(K40,-2)),""),"") | P40: 연차 | Q40: 연차 | R40: 연차 | S40: 연차 | T40: 연차 | U40: 연차 | V40: 연차 | W40: 연차 | X40: 연차 | Y40: 연차 | Z40: 연차 | AA40: 연차 | AB40: 연차 | AC40: 연차 | AD40: 연차 | AE40: 연차 | AF40: 연차 | AG40: 연차 | AH40: 연차 | AI40: 연차 | AJ40: 연차 | AK40: 연차 | AL40: 연차
P41: 46125 | Q41: 46126 | R41: 46127 | S41: 46128 | T41: 46129 | U41: 46132 | V41: 46133 | W41: 46134 | X41: 46135 | Y41: 46136 | Z41: 46139 | AA41: 46140 | AB41: 46141 | AC41: 46142 | AD41: 46146 | AE41: 46148 | AF41: 46149 | AG41: 46150 | AH41: 46153 | AI41: 46154 | AJ41: 46155 | AK41: 46156 | AL41: 46157
B42: RN 이민아 | C42: 45187 | E42: =IF(DATEDIF(C42,M$2,"m")<1,"",IF(C42=0,"",IF(EDATE(C42,12)<IF($D42>0,$D42-1,M$2),EDATE(C42,DATEDIF(C42,IF($D42>0,$D42-1,M$2+1),"y")*12),EDATE(C42,DATEDIF(C42,IF($D42>0,$D42-1,M$2+1),"m"))))) -> 45918 | F42: =IF(E42="",0,IF(EDATE(C42,12)<=E42,15+IF((YEAR(E42)-YEAR($C42))>20,10,INT((YEAR(E42)-YEAR($C42)-1)/2)),0)) -> 15 | G42: =IF(E42="",0,IF(E42>=EDATE(C42,12),IF(E42<EDATE(C42,24),IF(C42<SET!$J$20,0,MIN(DATEDIF(C42,E42,"m"),11)),0),IF(D42>C42,IF(E42<=EDATE(C42,12),MIN(DATEDIF(C42,D42+1,"m"),11),0),MIN(DATEDIF(C42,E42,"m"),11)))) -> 0 | H42: 8 | I42: =COUNTIF(P42:BW42,SET!$C$15)*SET!$C$16+COUNTIF(P42:BW42,SET!$D$15)*SET!$D$16+COUNTIF(P42:BW42,SET!E$15)*SET!$E$16+COUNTIF(P42:BW42,SET!$F$15)*SET!$F$16+COUNTIF(P42:BW42,SET!$G$15)*SET!$G$16+COUNTIF(P42:BW42,SET!$H$15)*SET!$H$16+COUNTIF(P42:BW42,SET!$I$15)*SET!$I$16+COUNTIF(P42:BW42,)*SET!$K$16+COUNTIF(P42:BW42,SET!$M$15)*SET!$M$16 -> 15 | J42: =F42+G42+H42-I42 -> 8 | K42: =IF(E42="","",IF(AND(D42>C42,EDATE(IF(EDATE(C42,12)<D42,C42,E42),12)>D42),"퇴직정산",IF((E42-C42)>=365,EDATE(E42,12),EDATE(C42,24)))) -> 46283 | L42: =IF(K42="퇴직정산",J42,IF((M$2-C42)<365,"미확정",IF(M42="유예","유예",J42-M42))) -> 8 | M42: =IF(C42=0,0,IF(K42="퇴직정산",0,IF(J42<=0,0,IF(EDATE(C42,3)>M$2,"유예",IF(SET!$J$3="없음",0,IF(SET!$J$3="전부",IF(E42>=DATE(YEAR(SET!$I$11),MONTH(SET!$J$11),DAY(SET!$L$11)),MAX(0,F42-IF(I42<(G42+H42),0,(I42-(G42+H42)))),0),IF(E42>=DATE(YEAR(SET!$I$11),MONTH(SET!$J$11),DAY(SET!$L$11)),MAX(0,MIN(F42,SET!$L$3)-IF(I42<(G42+H42),0,(I42-(G42+H42)))),0))))))) -> 0 | N42: =IF(D42=0,IF(M42>0,IF((E42-C42)>=365,EDATE(E42,6),EDATE(K42,-6)),""),"") | O42: =IF(D42=0,IF(M42>0,IF((E42-C42)>=365,EDATE(E42,10),EDATE(K42,-2)),""),"") | P42: 연차 | Q42: 연차 | R42: 연차 | S42: 연차 | T42: 연차 | U42: 연차 | V42: 연차 | W42: 연차 | X42: 연차 | Y42: 연차 | Z42: 연차 | AA42: 연차 | AB42: 연차 | AC42: 연차 | AD42: 연차
P43: 45939 | Q43: 45940 | R43: 45941 | S43: 45987 | T43: 45988 | U43: 45989 | V43: 25/12/20 | W43: 25/12/21 | X43: 26/01/12 | Y43: 26/01/13 | Z43: 26/02/04 | AA43: 26/03/28 | AB43: 26/04/07 | AC43: 26/04/08 | AD43: 26/04/09
B44: RN 이주경 | C44: 43922 | E44: =IF(DATEDIF(C44,M$2,"m")<1,"",IF(C44=0,"",IF(EDATE(C44,12)<IF($D44>0,$D44-1,M$2),EDATE(C44,DATEDIF(C44,IF($D44>0,$D44-1,M$2+1),"y")*12),EDATE(C44,DATEDIF(C44,IF($D44>0,$D44-1,M$2+1),"m"))))) -> 46113 | F44: =IF(E44="",0,IF(EDATE(C44,12)<=E44,15+IF((YEAR(E44)-YEAR($C44))>20,10,INT((YEAR(E44)-YEAR($C44)-1)/2)),0)) -> 17 | G44: =IF(E44="",0,IF(E44>=EDATE(C44,12),IF(E44<EDATE(C44,24),IF(C44<SET!$J$20,0,MIN(DATEDIF(C44,E44,"m"),11)),0),IF(D44>C44,IF(E44<=EDATE(C44,12),MIN(DATEDIF(C44,D44+1,"m"),11),0),MIN(DATEDIF(C44,E44,"m"),11)))) -> 0 | H44: 12 | I44: =COUNTIF(P44:BW44,SET!$C$15)*SET!$C$16+COUNTIF(P44:BW44,SET!$D$15)*SET!$D$16+COUNTIF(P44:BW44,SET!E$15)*SET!$E$16+COUNTIF(P44:BW44,SET!$F$15)*SET!$F$16+COUNTIF(P44:BW44,SET!$G$15)*SET!$G$16+COUNTIF(P44:BW44,SET!$H$15)*SET!$H$16+COUNTIF(P44:BW44,SET!$I$15)*SET!$I$16+COUNTIF(P44:BW44,)*SET!$K$16+COUNTIF(P44:BW44,SET!$M$15)*SET!$M$16 -> 4 | J44: =F44+G44+H44-I44 -> 25 | K44: =IF(E44="","",IF(AND(D44>C44,EDATE(IF(EDATE(C44,12)<D44,C44,E44),12)>D44),"퇴직정산",IF((E44-C44)>=365,EDATE(E44,12),EDATE(C44,24)))) -> 46478 | L44: =IF(K44="퇴직정산",J44,IF((M$2-C44)<365,"미확정",IF(M44="유예","유예",J44-M44))) -> 18 | M44: =IF(C44=0,0,IF(K44="퇴직정산",0,IF(J44<=0,0,IF(EDATE(C44,3)>M$2,"유예",IF(SET!$J$3="없음",0,IF(SET!$J$3="전부",IF(E44>=DATE(YEAR(SET!$I$11),MONTH(SET!$J$11),DAY(SET!$L$11)),MAX(0,F44-IF(I44<(G44+H44),0,(I44-(G44+H44)))),0),IF(E44>=DATE(YEAR(SET!$I$11),MONTH(SET!$J$11),DAY(SET!$L$11)),MAX(0,MIN(F44,SET!$L$3)-IF(I44<(G44+H44),0,(I44-(G44+H44)))),0))))))) -> 7 | N44: =IF(D44=0,IF(M44>0,IF((E44-C44)>=365,EDATE(E44,6),EDATE(K44,-6)),""),"") -> 46296 | O44: =IF(D44=0,IF(M44>0,IF((E44-C44)>=365,EDATE(E44,10),EDATE(K44,-2)),""),"") -> 46419 | P44: 연차 | Q44: 연차 | R44: 연차 | S44: 연차
P45: 26/03/21 | Q45: 26/04/25 | R45: 26/04/26 | S45: 26/04/27
B46: RN 이혜민 | C46: 45943 | E46: =IF(DATEDIF(C46,M$2,"m")<1,"",IF(C46=0,"",IF(EDATE(C46,12)<IF($D46>0,$D46-1,M$2),EDATE(C46,DATEDIF(C46,IF($D46>0,$D46-1,M$2+1),"y")*12),EDATE(C46,DATEDIF(C46,IF($D46>0,$D46-1,M$2+1),"m"))))) -> 46155 | F46: =IF(E46="",0,IF(EDATE(C46,12)<=E46,15+IF((YEAR(E46)-YEAR($C46))>20,10,INT((YEAR(E46)-YEAR($C46)-1)/2)),0)) -> 0 | G46: =IF(E46="",0,IF(E46>=EDATE(C46,12),IF(E46<EDATE(C46,24),IF(C46<SET!$J$20,0,MIN(DATEDIF(C46,E46,"m"),11)),0),IF(D46>C46,IF(E46<=EDATE(C46,12),MIN(DATEDIF(C46,D46+1,"m"),11),0),MIN(DATEDIF(C46,E46,"m"),11)))) -> 7 | I46: =COUNTIF(P46:BW46,SET!$C$15)*SET!$C$16+COUNTIF(P46:BW46,SET!$D$15)*SET!$D$16+COUNTIF(P46:BW46,SET!E$15)*SET!$E$16+COUNTIF(P46:BW46,SET!$F$15)*SET!$F$16+COUNTIF(P46:BW46,SET!$G$15)*SET!$G$16+COUNTIF(P46:BW46,SET!$H$15)*SET!$H$16+COUNTIF(P46:BW46,SET!$I$15)*SET!$I$16+COUNTIF(P46:BW46,)*SET!$K$16+COUNTIF(P46:BW46,SET!$M$15)*SET!$M$16 -> 7 | J46: =F46+G46+H46-I46 -> 0 | K46: =IF(E46="","",IF(AND(D46>C46,EDATE(IF(EDATE(C46,12)<D46,C46,E46),12)>D46),"퇴직정산",IF((E46-C46)>=365,EDATE(E46,12),EDATE(C46,24)))) -> 46673 | L46: =IF(K46="퇴직정산",J46,IF((M$2-C46)<365,"미확정",IF(M46="유예","유예",J46-M46))) -> 미확정 | M46: =IF(C46=0,0,IF(K46="퇴직정산",0,IF(J46<=0,0,IF(EDATE(C46,3)>M$2,"유예",IF(SET!$J$3="없음",0,IF(SET!$J$3="전부",IF(E46>=DATE(YEAR(SET!$I$11),MONTH(SET!$J$11),DAY(SET!$L$11)),MAX(0,F46-IF(I46<(G46+H46),0,(I46-(G46+H46)))),0),IF(E46>=DATE(YEAR(SET!$I$11),MONTH(SET!$J$11),DAY(SET!$L$11)),MAX(0,MIN(F46,SET!$L$3)-IF(I46<(G46+H46),0,(I46-(G46+H46)))),0))))))) -> 0 | N46: =IF(D46=0,IF(M46>0,IF((E46-C46)>=365,EDATE(E46,6),EDATE(K46,-6)),""),"") | O46: =IF(D46=0,IF(M46>0,IF((E46-C46)>=365,EDATE(E46,10),EDATE(K46,-2)),""),"") | P46: 연차 | Q46: 연차 | R46: 연차 | S46: 연차 | T46: 연차 | U46: 연차 | V46: 연차
P47: 45946 | Q47: 45949 | R47: 45990 | S47: 25/12/22 | T47: 26/04/20 | U47: 26/04/21 | V47: 26/04/22
B48: RN 주현정 | C48: 46090 | E48: =IF(DATEDIF(C48,M$2,"m")<1,"",IF(C48=0,"",IF(EDATE(C48,12)<IF($D48>0,$D48-1,M$2),EDATE(C48,DATEDIF(C48,IF($D48>0,$D48-1,M$2+1),"y")*12),EDATE(C48,DATEDIF(C48,IF($D48>0,$D48-1,M$2+1),"m"))))) -> 46151 | F48: =IF(E48="",0,IF(EDATE(C48,12)<=E48,15+IF((YEAR(E48)-YEAR($C48))>20,10,INT((YEAR(E48)-YEAR($C48)-1)/2)),0)) -> 0 | G48: =IF(E48="",0,IF(E48>=EDATE(C48,12),IF(E48<EDATE(C48,24),IF(C48<SET!$J$20,0,MIN(DATEDIF(C48,E48,"m"),11)),0),IF(D48>C48,IF(E48<=EDATE(C48,12),MIN(DATEDIF(C48,D48+1,"m"),11),0),MIN(DATEDIF(C48,E48,"m"),11)))) -> 2 | I48: =COUNTIF(P48:BW48,SET!$C$15)*SET!$C$16+COUNTIF(P48:BW48,SET!$D$15)*SET!$D$16+COUNTIF(P48:BW48,SET!E$15)*SET!$E$16+COUNTIF(P48:BW48,SET!$F$15)*SET!$F$16+COUNTIF(P48:BW48,SET!$G$15)*SET!$G$16+COUNTIF(P48:BW48,SET!$H$15)*SET!$H$16+COUNTIF(P48:BW48,SET!$I$15)*SET!$I$16+COUNTIF(P48:BW48,)*SET!$K$16+COUNTIF(P48:BW48,SET!$M$15)*SET!$M$16 -> 2 | J48: =F48+G48+H48-I48 -> 0 | K48: =IF(E48="","",IF(AND(D48>C48,EDATE(IF(EDATE(C48,12)<D48,C48,E48),12)>D48),"퇴직정산",IF((E48-C48)>=365,EDATE(E48,12),EDATE(C48,24)))) -> 46821 | L48: =IF(K48="퇴직정산",J48,IF((M$2-C48)<365,"미확정",IF(M48="유예","유예",J48-M48))) -> 미확정 | M48: =IF(C48=0,0,IF(K48="퇴직정산",0,IF(J48<=0,0,IF(EDATE(C48,3)>M$2,"유예",IF(SET!$J$3="없음",0,IF(SET!$J$3="전부",IF(E48>=DATE(YEAR(SET!$I$11),MONTH(SET!$J$11),DAY(SET!$L$11)),MAX(0,F48-IF(I48<(G48+H48),0,(I48-(G48+H48)))),0),IF(E48>=DATE(YEAR(SET!$I$11),MONTH(SET!$J$11),DAY(SET!$L$11)),MAX(0,MIN(F48,SET!$L$3)-IF(I48<(G48+H48),0,(I48-(G48+H48)))),0))))))) -> 0 | N48: =IF(D48=0,IF(M48>0,IF((E48-C48)>=365,EDATE(E48,6),EDATE(K48,-6)),""),"") | O48: =IF(D48=0,IF(M48>0,IF((E48-C48)>=365,EDATE(E48,10),EDATE(K48,-2)),""),"") | P48: 연차 | Q48: 연차
P49: 26/04/09 | Q49: 26/04/10
B50: AN 임순희 | C50: 43549 | E50: =IF(DATEDIF(C50,M$2,"m")<1,"",IF(C50=0,"",IF(EDATE(C50,12)<IF($D50>0,$D50-1,M$2),EDATE(C50,DATEDIF(C50,IF($D50>0,$D50-1,M$2+1),"y")*12),EDATE(C50,DATEDIF(C50,IF($D50>0,$D50-1,M$2+1),"m"))))) -> 46106 | F50: =IF(E50="",0,IF(EDATE(C50,12)<=E50,15+IF((YEAR(E50)-YEAR($C50))>20,10,INT((YEAR(E50)-YEAR($C50)-1)/2)),0)) -> 18 | G50: =IF(E50="",0,IF(E50>=EDATE(C50,12),IF(E50<EDATE(C50,24),IF(C50<SET!$J$20,0,MIN(DATEDIF(C50,E50,"m"),11)),0),IF(D50>C50,IF(E50<=EDATE(C50,12),MIN(DATEDIF(C50,D50+1,"m"),11),0),MIN(DATEDIF(C50,E50,"m"),11)))) -> 0 | H50: 0.5 | I50: =COUNTIF(P50:BW50,SET!$C$15)*SET!$C$16+COUNTIF(P50:BW50,SET!$D$15)*SET!$D$16+COUNTIF(P50:BW50,SET!E$15)*SET!$E$16+COUNTIF(P50:BW50,SET!$F$15)*SET!$F$16+COUNTIF(P50:BW50,SET!$G$15)*SET!$G$16+COUNTIF(P50:BW50,SET!$H$15)*SET!$H$16+COUNTIF(P50:BW50,SET!$I$15)*SET!$I$16+COUNTIF(P50:BW50,)*SET!$K$16+COUNTIF(P50:BW50,SET!$M$15)*SET!$M$16 -> 14 | J50: =F50+G50+H50-I50 -> 4.5 | K50: =IF(E50="","",IF(AND(D50>C50,EDATE(IF(EDATE(C50,12)<D50,C50,E50),12)>D50),"퇴직정산",IF((E50-C50)>=365,EDATE(E50,12),EDATE(C50,24)))) -> 46471 | L50: =IF(K50="퇴직정산",J50,IF((M$2-C50)<365,"미확정",IF(M50="유예","유예",J50-M50))) -> 4.5 | M50: =IF(C50=0,0,IF(K50="퇴직정산",0,IF(J50<=0,0,IF(EDATE(C50,3)>M$2,"유예",IF(SET!$J$3="없음",0,IF(SET!$J$3="전부",IF(E50>=DATE(YEAR(SET!$I$11),MONTH(SET!$J$11),DAY(SET!$L$11)),MAX(0,F50-IF(I50<(G50+H50),0,(I50-(G50+H50)))),0),IF(E50>=DATE(YEAR(SET!$I$11),MONTH(SET!$J$11),DAY(SET!$L$11)),MAX(0,MIN(F50,SET!$L$3)-IF(I50<(G50+H50),0,(I50-(G50+H50)))),0))))))) -> 0 | N50: =IF(D50=0,IF(M50>0,IF((E50-C50)>=365,EDATE(E50,6),EDATE(K50,-6)),""),"") | O50: =IF(D50=0,IF(M50>0,IF((E50-C50)>=365,EDATE(E50,10),EDATE(K50,-2)),""),"") | P50: 연차 | Q50: 연차 | R50: 연차 | S50: 연차 | T50: 연차 | U50: 연차 | V50: 연차 | W50: 연차 | X50: 연차 | Y50: 연차 | Z50: 연차 | AA50: 연차 | AB50: 연차 | AC50: 연차
P51: 26/03/26 | Q51: 26/03/27 | R51: 26/03/28 | S51: 26/03/29 | T51: 26/03/30 | U51: 26/03/31 | V51: 26/04/01 | W51: 26/04/02 | X51: 26/04/03 | Y51: 26/04/04 | Z51: 26/04/05 | AA51: 26/04/06 | AB51: 26/04/07 | AC51: 26/04/08
B52: AN 문윤순 | C52: 43678 | E52: =IF(DATEDIF(C52,M$2,"m")<1,"",IF(C52=0,"",IF(EDATE(C52,12)<IF($D52>0,$D52-1,M$2),EDATE(C52,DATEDIF(C52,IF($D52>0,$D52-1,M$2+1),"y")*12),EDATE(C52,DATEDIF(C52,IF($D52>0,$D52-1,M$2+1),"m"))))) -> 45870 | F52: =IF(E52="",0,IF(EDATE(C52,12)<=E52,15+IF((YEAR(E52)-YEAR($C52))>20,10,INT((YEAR(E52)-YEAR($C52)-1)/2)),0)) -> 17 | G52: =IF(E52="",0,IF(E52>=EDATE(C52,12),IF(E52<EDATE(C52,24),IF(C52<SET!$J$20,0,MIN(DATEDIF(C52,E52,"m"),11)),0),IF(D52>C52,IF(E52<=EDATE(C52,12),MIN(DATEDIF(C52,D52+1,"m"),11),0),MIN(DATEDIF(C52,E52,"m"),11)))) -> 0 | H52: 7.5 | I52: =COUNTIF(P52:BW52,SET!$C$15)*SET!$C$16+COUNTIF(P52:BW52,SET!$D$15)*SET!$D$16+COUNTIF(P52:BW52,SET!E$15)*SET!$E$16+COUNTIF(P52:BW52,SET!$F$15)*SET!$F$16+COUNTIF(P52:BW52,SET!$G$15)*SET!$G$16+COUNTIF(P52:BW52,SET!$H$15)*SET!$H$16+COUNTIF(P52:BW52,SET!$I$15)*SET!$I$16+COUNTIF(P52:BW52,)*SET!$K$16+COUNTIF(P52:BW52,SET!$M$15)*SET!$M$16 -> 20 | J52: =F52+G52+H52-I52 -> 4.5 | K52: =IF(E52="","",IF(AND(D52>C52,EDATE(IF(EDATE(C52,12)<D52,C52,E52),12)>D52),"퇴직정산",IF((E52-C52)>=365,EDATE(E52,12),EDATE(C52,24)))) -> 46235 | L52: =IF(K52="퇴직정산",J52,IF((M$2-C52)<365,"미확정",IF(M52="유예","유예",J52-M52))) -> 4.5 | M52: =IF(C52=0,0,IF(K52="퇴직정산",0,IF(J52<=0,0,IF(EDATE(C52,3)>M$2,"유예",IF(SET!$J$3="없음",0,IF(SET!$J$3="전부",IF(E52>=DATE(YEAR(SET!$I$11),MONTH(SET!$J$11),DAY(SET!$L$11)),MAX(0,F52-IF(I52<(G52+H52),0,(I52-(G52+H52)))),0),IF(E52>=DATE(YEAR(SET!$I$11),MONTH(SET!$J$11),DAY(SET!$L$11)),MAX(0,MIN(F52,SET!$L$3)-IF(I52<(G52+H52),0,(I52-(G52+H52)))),0))))))) -> 0 | N52: =IF(D52=0,IF(M52>0,IF((E52-C52)>=365,EDATE(E52,6),EDATE(K52,-6)),""),"") | O52: =IF(D52=0,IF(M52>0,IF((E52-C52)>=365,EDATE(E52,10),EDATE(K52,-2)),""),"") | P52: 연차 | Q52: 연차 | R52: 연차 | S52: 연차 | T52: 연차 | U52: 연차 | V52: 연차 | W52: 연차 | X52: 연차 | Y52: 연차 | Z52: 연차 | AA52: 연차 | AB52: 연차 | AC52: 연차 | AD52: 연차 | AE52: 연차 | AF52: 연차 | AG52: 연차 | AH52: 연차 | AI52: 연차
P53: 45848 | Q53: 45849 | R53: 45850 | S53: 45851 | T53: 45890 | U53: 45891 | V53: 45904 | W53: 45906 | X53: 45907 | Y53: 45966 | Z53: 45967 | AA53: 45968 | AB53: 45969 | AC53: 25/12/05 | AD53: 25/12/06 | AE53: 26/01/24 | AF53: 26/01/25 | AG53: 26/04/25 | AH53: 26/04/26 | AI53: 26/04/29
B54: AN 백미향 | C54: 44277 | E54: =IF(DATEDIF(C54,M$2,"m")<1,"",IF(C54=0,"",IF(EDATE(C54,12)<IF($D54>0,$D54-1,M$2),EDATE(C54,DATEDIF(C54,IF($D54>0,$D54-1,M$2+1),"y")*12),EDATE(C54,DATEDIF(C54,IF($D54>0,$D54-1,M$2+1),"m"))))) -> 46103 | F54: =IF(E54="",0,IF(EDATE(C54,12)<=E54,15+IF((YEAR(E54)-YEAR($C54))>20,10,INT((YEAR(E54)-YEAR($C54)-1)/2)),0)) -> 17 | G54: =IF(E54="",0,IF(E54>=EDATE(C54,12),IF(E54<EDATE(C54,24),IF(C54<SET!$J$20,0,MIN(DATEDIF(C54,E54,"m"),11)),0),IF(D54>C54,IF(E54<=EDATE(C54,12),MIN(DATEDIF(C54,D54+1,"m"),11),0),MIN(DATEDIF(C54,E54,"m"),11)))) -> 0 | H54: 3 | I54: =COUNTIF(P54:BW54,SET!$C$15)*SET!$C$16+COUNTIF(P54:BW54,SET!$D$15)*SET!$D$16+COUNTIF(P54:BW54,SET!E$15)*SET!$E$16+COUNTIF(P54:BW54,SET!$F$15)*SET!$F$16+COUNTIF(P54:BW54,SET!$G$15)*SET!$G$16+COUNTIF(P54:BW54,SET!$H$15)*SET!$H$16+COUNTIF(P54:BW54,SET!$I$15)*SET!$I$16+COUNTIF(P54:BW54,)*SET!$K$16+COUNTIF(P54:BW54,SET!$M$15)*SET!$M$16 -> 2 | J54: =F54+G54+H54-I54 -> 18 | K54: =IF(E54="","",IF(AND(D54>C54,EDATE(IF(EDATE(C54,12)<D54,C54,E54),12)>D54),"퇴직정산",IF((E54-C54)>=365,EDATE(E54,12),EDATE(C54,24)))) -> 46468 | L54: =IF(K54="퇴직정산",J54,IF((M$2-C54)<365,"미확정",IF(M54="유예","유예",J54-M54))) -> 11 | M54: =IF(C54=0,0,IF(K54="퇴직정산",0,IF(J54<=0,0,IF(EDATE(C54,3)>M$2,"유예",IF(SET!$J$3="없음",0,IF(SET!$J$3="전부",IF(E54>=DATE(YEAR(SET!$I$11),MONTH(SET!$J$11),DAY(SET!$L$11)),MAX(0,F54-IF(I54<(G54+H54),0,(I54-(G54+H54)))),0),IF(E54>=DATE(YEAR(SET!$I$11),MONTH(SET!$J$11),DAY(SET!$L$11)),MAX(0,MIN(F54,SET!$L$3)-IF(I54<(G54+H54),0,(I54-(G54+H54)))),0))))))) -> 7 | N54: =IF(D54=0,IF(M54>0,IF((E54-C54)>=365,EDATE(E54,6),EDATE(K54,-6)),""),"") -> 46287 | O54: =IF(D54=0,IF(M54>0,IF((E54-C54)>=365,EDATE(E54,10),EDATE(K54,-2)),""),"") -> 46409 | P54: 연차 | Q54: 연차
P55: 26/04/25 | Q55: 26/04/26
B56: AN 정혜린 | C56: 45600 | E56: =IF(DATEDIF(C56,M$2,"m")<1,"",IF(C56=0,"",IF(EDATE(C56,12)<IF($D56>0,$D56-1,M$2),EDATE(C56,DATEDIF(C56,IF($D56>0,$D56-1,M$2+1),"y")*12),EDATE(C56,DATEDIF(C56,IF($D56>0,$D56-1,M$2+1),"m"))))) -> 45965 | F56: =IF(E56="",0,IF(EDATE(C56,12)<=E56,15+IF((YEAR(E56)-YEAR($C56))>20,10,INT((YEAR(E56)-YEAR($C56)-1)/2)),0)) -> 15 | G56: =IF(E56="",0,IF(E56>=EDATE(C56,12),IF(E56<EDATE(C56,24),IF(C56<SET!$J$20,0,MIN(DATEDIF(C56,E56,"m"),11)),0),IF(D56>C56,IF(E56<=EDATE(C56,12),MIN(DATEDIF(C56,D56+1,"m"),11),0),MIN(DATEDIF(C56,E56,"m"),11)))) -> 11 | I56: =COUNTIF(P56:BW56,SET!$C$15)*SET!$C$16+COUNTIF(P56:BW56,SET!$D$15)*SET!$D$16+COUNTIF(P56:BW56,SET!E$15)*SET!$E$16+COUNTIF(P56:BW56,SET!$F$15)*SET!$F$16+COUNTIF(P56:BW56,SET!$G$15)*SET!$G$16+COUNTIF(P56:BW56,SET!$H$15)*SET!$H$16+COUNTIF(P56:BW56,SET!$I$15)*SET!$I$16+COUNTIF(P56:BW56,)*SET!$K$16+COUNTIF(P56:BW56,SET!$M$15)*SET!$M$16 -> 19 | J56: =F56+G56+H56-I56 -> 7 | K56: =IF(E56="","",IF(AND(D56>C56,EDATE(IF(EDATE(C56,12)<D56,C56,E56),12)>D56),"퇴직정산",IF((E56-C56)>=365,EDATE(E56,12),EDATE(C56,24)))) -> 46330 | L56: =IF(K56="퇴직정산",J56,IF((M$2-C56)<365,"미확정",IF(M56="유예","유예",J56-M56))) -> 7 | M56: =IF(C56=0,0,IF(K56="퇴직정산",0,IF(J56<=0,0,IF(EDATE(C56,3)>M$2,"유예",IF(SET!$J$3="없음",0,IF(SET!$J$3="전부",IF(E56>=DATE(YEAR(SET!$I$11),MONTH(SET!$J$11),DAY(SET!$L$11)),MAX(0,F56-IF(I56<(G56+H56),0,(I56-(G56+H56)))),0),IF(E56>=DATE(YEAR(SET!$I$11),MONTH(SET!$J$11),DAY(SET!$L$11)),MAX(0,MIN(F56,SET!$L$3)-IF(I56<(G56+H56),0,(I56-(G56+H56)))),0))))))) -> 0 | N56: =IF(D56=0,IF(M56>0,IF((E56-C56)>=365,EDATE(E56,6),EDATE(K56,-6)),""),"") | O56: =IF(D56=0,IF(M56>0,IF((E56-C56)>=365,EDATE(E56,10),EDATE(K56,-2)),""),"") | P56: 연차 | Q56: 연차 | R56: 연차 | S56: 연차 | T56: 연차 | U56: 연차 | V56: 연차 | W56: 연차 | X56: 연차 | Y56: 연차 | Z56: 연차 | AA56: 연차 | AB56: 연차 | AC56: 연차 | AD56: 연차 | AE56: 연차 | AF56: 연차 | AG56: 연차 | AH56: 연차
P57: 45632 | Q57: 45700 | R57: 45716 | S57: 45717 | T57: 45719 | U57: 45766 | V57: 45777 | W57: 45841 | X57: 45842 | Y57: 45868 | Z57: 45907 | AA57: 45908 | AB57: 25/12/13 | AC57: 25/12/14 | AD57: 26/01/04 | AE57: 26/04/09 | AF57: 26/04/10 | AG57: 26/04/11 | AH57: 26/04/26
B58: AN 김미영 | C58: 44447 | E58: =IF(DATEDIF(C58,M$2,"m")<1,"",IF(C58=0,"",IF(EDATE(C58,12)<IF($D58>0,$D58-1,M$2),EDATE(C58,DATEDIF(C58,IF($D58>0,$D58-1,M$2+1),"y")*12),EDATE(C58,DATEDIF(C58,IF($D58>0,$D58-1,M$2+1),"m"))))) -> 45908 | F58: =IF(E58="",0,IF(EDATE(C58,12)<=E58,15+IF((YEAR(E58)-YEAR($C58))>20,10,INT((YEAR(E58)-YEAR($C58)-1)/2)),0)) -> 16 | G58: =IF(E58="",0,IF(E58>=EDATE(C58,12),IF(E58<EDATE(C58,24),IF(C58<SET!$J$20,0,MIN(DATEDIF(C58,E58,"m"),11)),0),IF(D58>C58,IF(E58<=EDATE(C58,12),MIN(DATEDIF(C58,D58+1,"m"),11),0),MIN(DATEDIF(C58,E58,"m"),11)))) -> 0 | H58: 7 | I58: =COUNTIF(P58:BW58,SET!$C$15)*SET!$C$16+COUNTIF(P58:BW58,SET!$D$15)*SET!$D$16+COUNTIF(P58:BW58,SET!E$15)*SET!$E$16+COUNTIF(P58:BW58,SET!$F$15)*SET!$F$16+COUNTIF(P58:BW58,SET!$G$15)*SET!$G$16+COUNTIF(P58:BW58,SET!$H$15)*SET!$H$16+COUNTIF(P58:BW58,SET!$I$15)*SET!$I$16+COUNTIF(P58:BW58,)*SET!$K$16+COUNTIF(P58:BW58,SET!$M$15)*SET!$M$16 -> 15 | J58: =F58+G58+H58-I58 -> 8 | K58: =IF(E58="","",IF(AND(D58>C58,EDATE(IF(EDATE(C58,12)<D58,C58,E58),12)>D58),"퇴직정산",IF((E58-C58)>=365,EDATE(E58,12),EDATE(C58,24)))) -> 46273 | L58: =IF(K58="퇴직정산",J58,IF((M$2-C58)<365,"미확정",IF(M58="유예","유예",J58-M58))) -> 8 | M58: =IF(C58=0,0,IF(K58="퇴직정산",0,IF(J58<=0,0,IF(EDATE(C58,3)>M$2,"유예",IF(SET!$J$3="없음",0,IF(SET!$J$3="전부",IF(E58>=DATE(YEAR(SET!$I$11),MONTH(SET!$J$11),DAY(SET!$L$11)),MAX(0,F58-IF(I58<(G58+H58),0,(I58-(G58+H58)))),0),IF(E58>=DATE(YEAR(SET!$I$11),MONTH(SET!$J$11),DAY(SET!$L$11)),MAX(0,MIN(F58,SET!$L$3)-IF(I58<(G58+H58),0,(I58-(G58+H58)))),0))))))) -> 0 | N58: =IF(D58=0,IF(M58>0,IF((E58-C58)>=365,EDATE(E58,6),EDATE(K58,-6)),""),"") | O58: =IF(D58=0,IF(M58>0,IF((E58-C58)>=365,EDATE(E58,10),EDATE(K58,-2)),""),"") | P58: 연차 | Q58: 연차 | R58: 연차 | S58: 연차 | T58: 연차 | U58: 연차 | V58: 연차 | W58: 연차 | X58: 연차 | Y58: 연차 | Z58: 연차 | AA58: 연차 | AB58: 연차 | AC58: 연차 | AD58: 연차
P59: 45878 | Q59: 45891 | R59: 45908 | S59: 45913 | T59: 45914 | U59: 45966 | V59: 45967 | W59: 25/12/06 | X59: 25/12/07 | Y59: 26/01/04 | Z59: 26/01/17 | AA59: 26/01/18 | AB59: 26/04/25 | AC59: 26/04/27 | AD59: 26/04/30
B60: AN 김영주 | C60: 44595 | E60: =IF(DATEDIF(C60,M$2,"m")<1,"",IF(C60=0,"",IF(EDATE(C60,12)<IF($D60>0,$D60-1,M$2),EDATE(C60,DATEDIF(C60,IF($D60>0,$D60-1,M$2+1),"y")*12),EDATE(C60,DATEDIF(C60,IF($D60>0,$D60-1,M$2+1),"m"))))) -> 46056 | F60: =IF(E60="",0,IF(EDATE(C60,12)<=E60,15+IF((YEAR(E60)-YEAR($C60))>20,10,INT((YEAR(E60)-YEAR($C60)-1)/2)),0)) -> 16 | G60: =IF(E60="",0,IF(E60>=EDATE(C60,12),IF(E60<EDATE(C60,24),IF(C60<SET!$J$20,0,MIN(DATEDIF(C60,E60,"m"),11)),0),IF(D60>C60,IF(E60<=EDATE(C60,12),MIN(DATEDIF(C60,D60+1,"m"),11),0),MIN(DATEDIF(C60,E60,"m"),11)))) -> 0 | H60: 9.5 | I60: =COUNTIF(P60:BW60,SET!$C$15)*SET!$C$16+COUNTIF(P60:BW60,SET!$D$15)*SET!$D$16+COUNTIF(P60:BW60,SET!E$15)*SET!$E$16+COUNTIF(P60:BW60,SET!$F$15)*SET!$F$16+COUNTIF(P60:BW60,SET!$G$15)*SET!$G$16+COUNTIF(P60:BW60,SET!$H$15)*SET!$H$16+COUNTIF(P60:BW60,SET!$I$15)*SET!$I$16+COUNTIF(P60:BW60,)*SET!$K$16+COUNTIF(P60:BW60,SET!$M$15)*SET!$M$16 -> 6 | J60: =F60+G60+H60-I60 -> 19.5 | K60: =IF(E60="","",IF(AND(D60>C60,EDATE(IF(EDATE(C60,12)<D60,C60,E60),12)>D60),"퇴직정산",IF((E60-C60)>=365,EDATE(E60,12),EDATE(C60,24)))) -> 46421 | L60: =IF(K60="퇴직정산",J60,IF((M$2-C60)<365,"미확정",IF(M60="유예","유예",J60-M60))) -> 12.5 | M60: =IF(C60=0,0,IF(K60="퇴직정산",0,IF(J60<=0,0,IF(EDATE(C60,3)>M$2,"유예",IF(SET!$J$3="없음",0,IF(SET!$J$3="전부",IF(E60>=DATE(YEAR(SET!$I$11),MONTH(SET!$J$11),DAY(SET!$L$11)),MAX(0,F60-IF(I60<(G60+H60),0,(I60-(G60+H60)))),0),IF(E60>=DATE(YEAR(SET!$I$11),MONTH(SET!$J$11),DAY(SET!$L$11)),MAX(0,MIN(F60,SET!$L$3)-IF(I60<(G60+H60),0,(I60-(G60+H60)))),0))))))) -> 7 | N60: =IF(D60=0,IF(M60>0,IF((E60-C60)>=365,EDATE(E60,6),EDATE(K60,-6)),""),"") -> 46237 | O60: =IF(D60=0,IF(M60>0,IF((E60-C60)>=365,EDATE(E60,10),EDATE(K60,-2)),""),"") -> 46359 | P60: 연차 | Q60: 연차 | R60: 연차 | S60: 연차 | T60: 연차 | U60: 연차
P61: 26/01/13 | Q61: 26/03/15 | R61: 26/04/12 | S61: 26/04/13 | T61: 26/04/14 | U61: 26/04/18
B62: AN 최유정 | C62: 45924 | E62: =IF(DATEDIF(C62,M$2,"m")<1,"",IF(C62=0,"",IF(EDATE(C62,12)<IF($D62>0,$D62-1,M$2),EDATE(C62,DATEDIF(C62,IF($D62>0,$D62-1,M$2+1),"y")*12),EDATE(C62,DATEDIF(C62,IF($D62>0,$D62-1,M$2+1),"m"))))) -> 46136 | F62: =IF(E62="",0,IF(EDATE(C62,12)<=E62,15+IF((YEAR(E62)-YEAR($C62))>20,10,INT((YEAR(E62)-YEAR($C62)-1)/2)),0)) -> 0 | G62: =IF(E62="",0,IF(E62>=EDATE(C62,12),IF(E62<EDATE(C62,24),IF(C62<SET!$J$20,0,MIN(DATEDIF(C62,E62,"m"),11)),0),IF(D62>C62,IF(E62<=EDATE(C62,12),MIN(DATEDIF(C62,D62+1,"m"),11),0),MIN(DATEDIF(C62,E62,"m"),11)))) -> 7 | I62: =COUNTIF(P62:BW62,SET!$C$15)*SET!$C$16+COUNTIF(P62:BW62,SET!$D$15)*SET!$D$16+COUNTIF(P62:BW62,SET!E$15)*SET!$E$16+COUNTIF(P62:BW62,SET!$F$15)*SET!$F$16+COUNTIF(P62:BW62,SET!$G$15)*SET!$G$16+COUNTIF(P62:BW62,SET!$H$15)*SET!$H$16+COUNTIF(P62:BW62,SET!$I$15)*SET!$I$16+COUNTIF(P62:BW62,)*SET!$K$16+COUNTIF(P62:BW62,SET!$M$15)*SET!$M$16 -> 8 | J62: =F62+G62+H62-I62 -> -1 | K62: =IF(E62="","",IF(AND(D62>C62,EDATE(IF(EDATE(C62,12)<D62,C62,E62),12)>D62),"퇴직정산",IF((E62-C62)>=365,EDATE(E62,12),EDATE(C62,24)))) -> 46654 | L62: =IF(K62="퇴직정산",J62,IF((M$2-C62)<365,"미확정",IF(M62="유예","유예",J62-M62))) -> 미확정 | M62: =IF(C62=0,0,IF(K62="퇴직정산",0,IF(J62<=0,0,IF(EDATE(C62,3)>M$2,"유예",IF(SET!$J$3="없음",0,IF(SET!$J$3="전부",IF(E62>=DATE(YEAR(SET!$I$11),MONTH(SET!$J$11),DAY(SET!$L$11)),MAX(0,F62-IF(I62<(G62+H62),0,(I62-(G62+H62)))),0),IF(E62>=DATE(YEAR(SET!$I$11),MONTH(SET!$J$11),DAY(SET!$L$11)),MAX(0,MIN(F62,SET!$L$3)-IF(I62<(G62+H62),0,(I62-(G62+H62)))),0))))))) -> 0 | N62: =IF(D62=0,IF(M62>0,IF((E62-C62)>=365,EDATE(E62,6),EDATE(K62,-6)),""),"") | O62: =IF(D62=0,IF(M62>0,IF((E62-C62)>=365,EDATE(E62,10),EDATE(K62,-2)),""),"") | P62: 연차 | Q62: 연차 | R62: 연차 | S62: 연차 | T62: 연차 | U62: 연차 | V62: 연차 | W62: 연차 | X62: 경조
P63: 45938 | Q63: 45975 | R63: 45976 | S63: 45977 | T63: 25/12/13 | U63: 25/12/14 | V63: 26/01/06 | W63: 26/03/18 | X63: 26/04/17 ~ 26/04/21 시모상
B64: AN 장정란 | C64: 43549 | E64: =IF(DATEDIF(C64,M$2,"m")<1,"",IF(C64=0,"",IF(EDATE(C64,12)<IF($D64>0,$D64-1,M$2),EDATE(C64,DATEDIF(C64,IF($D64>0,$D64-1,M$2+1),"y")*12),EDATE(C64,DATEDIF(C64,IF($D64>0,$D64-1,M$2+1),"m"))))) -> 46106 | F64: =IF(E64="",0,IF(EDATE(C64,12)<=E64,15+IF((YEAR(E64)-YEAR($C64))>20,10,INT((YEAR(E64)-YEAR($C64)-1)/2)),0)) -> 18 | G64: =IF(E64="",0,IF(E64>=EDATE(C64,12),IF(E64<EDATE(C64,24),IF(C64<SET!$J$20,0,MIN(DATEDIF(C64,E64,"m"),11)),0),IF(D64>C64,IF(E64<=EDATE(C64,12),MIN(DATEDIF(C64,D64+1,"m"),11),0),MIN(DATEDIF(C64,E64,"m"),11)))) -> 0 | H64: 14 | I64: =COUNTIF(P64:BW64,SET!$C$15)*SET!$C$16+COUNTIF(P64:BW64,SET!$D$15)*SET!$D$16+COUNTIF(P64:BW64,SET!E$15)*SET!$E$16+COUNTIF(P64:BW64,SET!$F$15)*SET!$F$16+COUNTIF(P64:BW64,SET!$G$15)*SET!$G$16+COUNTIF(P64:BW64,SET!$H$15)*SET!$H$16+COUNTIF(P64:BW64,SET!$I$15)*SET!$I$16+COUNTIF(P64:BW64,)*SET!$K$16+COUNTIF(P64:BW64,SET!$M$15)*SET!$M$16 -> 0 | J64: =F64+G64+H64-I64 -> 32 | K64: =IF(E64="","",IF(AND(D64>C64,EDATE(IF(EDATE(C64,12)<D64,C64,E64),12)>D64),"퇴직정산",IF((E64-C64)>=365,EDATE(E64,12),EDATE(C64,24)))) -> 46471 | L64: =IF(K64="퇴직정산",J64,IF((M$2-C64)<365,"미확정",IF(M64="유예","유예",J64-M64))) -> 25 | M64: =IF(C64=0,0,IF(K64="퇴직정산",0,IF(J64<=0,0,IF(EDATE(C64,3)>M$2,"유예",IF(SET!$J$3="없음",0,IF(SET!$J$3="전부",IF(E64>=DATE(YEAR(SET!$I$11),MONTH(SET!$J$11),DAY(SET!$L$11)),MAX(0,F64-IF(I64<(G64+H64),0,(I64-(G64+H64)))),0),IF(E64>=DATE(YEAR(SET!$I$11),MONTH(SET!$J$11),DAY(SET!$L$11)),MAX(0,MIN(F64,SET!$L$3)-IF(I64<(G64+H64),0,(I64-(G64+H64)))),0))))))) -> 7 | N64: =IF(D64=0,IF(M64>0,IF((E64-C64)>=365,EDATE(E64,6),EDATE(K64,-6)),""),"") -> 46290 | O64: =IF(D64=0,IF(M64>0,IF((E64-C64)>=365,EDATE(E64,10),EDATE(K64,-2)),""),"") -> 46412
B66: 병동지원 예성규 | C66: 44193 | E66: =IF(DATEDIF(C66,M$2,"m")<1,"",IF(C66=0,"",IF(EDATE(C66,12)<IF($D66>0,$D66-1,M$2),EDATE(C66,DATEDIF(C66,IF($D66>0,$D66-1,M$2+1),"y")*12),EDATE(C66,DATEDIF(C66,IF($D66>0,$D66-1,M$2+1),"m"))))) -> 46019 | F66: =IF(E66="",0,IF(EDATE(C66,12)<=E66,15+IF((YEAR(E66)-YEAR($C66))>20,10,INT((YEAR(E66)-YEAR($C66)-1)/2)),0)) -> 17 | G66: =IF(E66="",0,IF(E66>=EDATE(C66,12),IF(E66<EDATE(C66,24),IF(C66<SET!$J$20,0,MIN(DATEDIF(C66,E66,"m"),11)),0),IF(D66>C66,IF(E66<=EDATE(C66,12),MIN(DATEDIF(C66,D66+1,"m"),11),0),MIN(DATEDIF(C66,E66,"m"),11)))) -> 0 | H66: 7 | I66: =COUNTIF(P66:BW66,SET!$C$15)*SET!$C$16+COUNTIF(P66:BW66,SET!$D$15)*SET!$D$16+COUNTIF(P66:BW66,SET!E$15)*SET!$E$16+COUNTIF(P66:BW66,SET!$F$15)*SET!$F$16+COUNTIF(P66:BW66,SET!$G$15)*SET!$G$16+COUNTIF(P66:BW66,SET!$H$15)*SET!$H$16+COUNTIF(P66:BW66,SET!$I$15)*SET!$I$16+COUNTIF(P66:BW66,)*SET!$K$16+COUNTIF(P66:BW66,SET!$M$15)*SET!$M$16 -> 3 | J66: =F66+G66+H66-I66 -> 21 | K66: =IF(E66="","",IF(AND(D66>C66,EDATE(IF(EDATE(C66,12)<D66,C66,E66),12)>D66),"퇴직정산",IF((E66-C66)>=365,EDATE(E66,12),EDATE(C66,24)))) -> 46384 | L66: =IF(K66="퇴직정산",J66,IF((M$2-C66)<365,"미확정",IF(M66="유예","유예",J66-M66))) -> 14 | M66: =IF(C66=0,0,IF(K66="퇴직정산",0,IF(J66<=0,0,IF(EDATE(C66,3)>M$2,"유예",IF(SET!$J$3="없음",0,IF(SET!$J$3="전부",IF(E66>=DATE(YEAR(SET!$I$11),MONTH(SET!$J$11),DAY(SET!$L$11)),MAX(0,F66-IF(I66<(G66+H66),0,(I66-(G66+H66)))),0),IF(E66>=DATE(YEAR(SET!$I$11),MONTH(SET!$J$11),DAY(SET!$L$11)),MAX(0,MIN(F66,SET!$L$3)-IF(I66<(G66+H66),0,(I66-(G66+H66)))),0))))))) -> 7 | N66: =IF(D66=0,IF(M66>0,IF((E66-C66)>=365,EDATE(E66,6),EDATE(K66,-6)),""),"") -> 46201 | O66: =IF(D66=0,IF(M66>0,IF((E66-C66)>=365,EDATE(E66,10),EDATE(K66,-2)),""),"") -> 46323 | P66: 연차 | Q66: 연차 | R66: 연차
P67: 25/12/24 | Q67: 25/12/31 | R67: 26/04/10
B68: 병동지원 하지원 | C68: 45964 | E68: =IF(DATEDIF(C68,M$2,"m")<1,"",IF(C68=0,"",IF(EDATE(C68,12)<IF($D68>0,$D68-1,M$2),EDATE(C68,DATEDIF(C68,IF($D68>0,$D68-1,M$2+1),"y")*12),EDATE(C68,DATEDIF(C68,IF($D68>0,$D68-1,M$2+1),"m"))))) -> 46145 | F68: =IF(E68="",0,IF(EDATE(C68,12)<=E68,15+IF((YEAR(E68)-YEAR($C68))>20,10,INT((YEAR(E68)-YEAR($C68)-1)/2)),0)) -> 0 | G68: =IF(E68="",0,IF(E68>=EDATE(C68,12),IF(E68<EDATE(C68,24),IF(C68<SET!$J$20,0,MIN(DATEDIF(C68,E68,"m"),11)),0),IF(D68>C68,IF(E68<=EDATE(C68,12),MIN(DATEDIF(C68,D68+1,"m"),11),0),MIN(DATEDIF(C68,E68,"m"),11)))) -> 6 | I68: =COUNTIF(P68:BW68,SET!$C$15)*SET!$C$16+COUNTIF(P68:BW68,SET!$D$15)*SET!$D$16+COUNTIF(P68:BW68,SET!E$15)*SET!$E$16+COUNTIF(P68:BW68,SET!$F$15)*SET!$F$16+COUNTIF(P68:BW68,SET!$G$15)*SET!$G$16+COUNTIF(P68:BW68,SET!$H$15)*SET!$H$16+COUNTIF(P68:BW68,SET!$I$15)*SET!$I$16+COUNTIF(P68:BW68,)*SET!$K$16+COUNTIF(P68:BW68,SET!$M$15)*SET!$M$16 -> 5 | J68: =F68+G68+H68-I68 -> 1 | K68: =IF(E68="","",IF(AND(D68>C68,EDATE(IF(EDATE(C68,12)<D68,C68,E68),12)>D68),"퇴직정산",IF((E68-C68)>=365,EDATE(E68,12),EDATE(C68,24)))) -> 46694 | L68: =IF(K68="퇴직정산",J68,IF((M$2-C68)<365,"미확정",IF(M68="유예","유예",J68-M68))) -> 미확정 | M68: =IF(C68=0,0,IF(K68="퇴직정산",0,IF(J68<=0,0,IF(EDATE(C68,3)>M$2,"유예",IF(SET!$J$3="없음",0,IF(SET!$J$3="전부",IF(E68>=DATE(YEAR(SET!$I$11),MONTH(SET!$J$11),DAY(SET!$L$11)),MAX(0,F68-IF(I68<(G68+H68),0,(I68-(G68+H68)))),0),IF(E68>=DATE(YEAR(SET!$I$11),MONTH(SET!$J$11),DAY(SET!$L$11)),MAX(0,MIN(F68,SET!$L$3)-IF(I68<(G68+H68),0,(I68-(G68+H68)))),0))))))) -> 0 | N68: =IF(D68=0,IF(M68>0,IF((E68-C68)>=365,EDATE(E68,6),EDATE(K68,-6)),""),"") | O68: =IF(D68=0,IF(M68>0,IF((E68-C68)>=365,EDATE(E68,10),EDATE(K68,-2)),""),"") | P68: 연차 | Q68: 연차 | R68: 연차 | S68: 반차 | T68: 반차 | U68: 연차
P69: 45989 | Q69: 25/12/08 | R69: 26/01/12 | S69: 26/02/21 | T69: 26/04/06 | U69: 26/04/11
B70: 병동지원 박세빈 | C70: 44927 | E70: =IF(DATEDIF(C70,M$2,"m")<1,"",IF(C70=0,"",IF(EDATE(C70,12)<IF($D70>0,$D70-1,M$2),EDATE(C70,DATEDIF(C70,IF($D70>0,$D70-1,M$2+1),"y")*12),EDATE(C70,DATEDIF(C70,IF($D70>0,$D70-1,M$2+1),"m"))))) -> 46023 | F70: =IF(E70="",0,IF(EDATE(C70,12)<=E70,15+IF((YEAR(E70)-YEAR($C70))>20,10,INT((YEAR(E70)-YEAR($C70)-1)/2)),0)) -> 16 | G70: =IF(E70="",0,IF(E70>=EDATE(C70,12),IF(E70<EDATE(C70,24),IF(C70<SET!$J$20,0,MIN(DATEDIF(C70,E70,"m"),11)),0),IF(D70>C70,IF(E70<=EDATE(C70,12),MIN(DATEDIF(C70,D70+1,"m"),11),0),MIN(DATEDIF(C70,E70,"m"),11)))) -> 0 | H70: 6.5 | I70: =COUNTIF(P70:BW70,SET!$C$15)*SET!$C$16+COUNTIF(P70:BW70,SET!$D$15)*SET!$D$16+COUNTIF(P70:BW70,SET!E$15)*SET!$E$16+COUNTIF(P70:BW70,SET!$F$15)*SET!$F$16+COUNTIF(P70:BW70,SET!$G$15)*SET!$G$16+COUNTIF(P70:BW70,SET!$H$15)*SET!$H$16+COUNTIF(P70:BW70,SET!$I$15)*SET!$I$16+COUNTIF(P70:BW70,)*SET!$K$16+COUNTIF(P70:BW70,SET!$M$15)*SET!$M$16 -> 11 | J70: =F70+G70+H70-I70 -> 11.5 | K70: =IF(E70="","",IF(AND(D70>C70,EDATE(IF(EDATE(C70,12)<D70,C70,E70),12)>D70),"퇴직정산",IF((E70-C70)>=365,EDATE(E70,12),EDATE(C70,24)))) -> 46388 | L70: =IF(K70="퇴직정산",J70,IF((M$2-C70)<365,"미확정",IF(M70="유예","유예",J70-M70))) -> 9 | M70: =IF(C70=0,0,IF(K70="퇴직정산",0,IF(J70<=0,0,IF(EDATE(C70,3)>M$2,"유예",IF(SET!$J$3="없음",0,IF(SET!$J$3="전부",IF(E70>=DATE(YEAR(SET!$I$11),MONTH(SET!$J$11),DAY(SET!$L$11)),MAX(0,F70-IF(I70<(G70+H70),0,(I70-(G70+H70)))),0),IF(E70>=DATE(YEAR(SET!$I$11),MONTH(SET!$J$11),DAY(SET!$L$11)),MAX(0,MIN(F70,SET!$L$3)-IF(I70<(G70+H70),0,(I70-(G70+H70)))),0))))))) -> 2.5 | N70: =IF(D70=0,IF(M70>0,IF((E70-C70)>=365,EDATE(E70,6),EDATE(K70,-6)),""),"") -> 46204 | O70: =IF(D70=0,IF(M70>0,IF((E70-C70)>=365,EDATE(E70,10),EDATE(K70,-2)),""),"") -> 46327 | P70: 연차 | Q70: 연차 | R70: 반차 | S70: 연차 | T70: 연차 | U70: 연차 | V70: 연차 | W70: 연차 | X70: 연차 | Y70: 연차 | Z70: 연차 | AA70: 반차
P71: 45646 | Q71: 45647 | R71: 45856 | S71: 45887 | T71: 45888 | U71: 45922 | V71: 45930 | W71: 45964 | X71: 45965 | Y71: 25/12/22 | Z71: 26/01/17 | AA71: 26/01/28
A72: 5A병동 | B72: CN 한수연 | C72: 43164 | E72: =IF(DATEDIF(C72,M$2,"m")<1,"",IF(C72=0,"",IF(EDATE(C72,12)<IF($D72>0,$D72-1,M$2),EDATE(C72,DATEDIF(C72,IF($D72>0,$D72-1,M$2+1),"y")*12),EDATE(C72,DATEDIF(C72,IF($D72>0,$D72-1,M$2+1),"m"))))) -> 46086 | F72: =IF(E72="",0,IF(EDATE(C72,12)<=E72,15+IF((YEAR(E72)-YEAR($C72))>20,10,INT((YEAR(E72)-YEAR($C72)-1)/2)),0)) -> 18 | G72: =IF(E72="",0,IF(E72>=EDATE(C72,12),IF(E72<EDATE(C72,24),IF(C72<SET!$J$20,0,MIN(DATEDIF(C72,E72,"m"),11)),0),IF(D72>C72,IF(E72<=EDATE(C72,12),MIN(DATEDIF(C72,D72+1,"m"),11),0),MIN(DATEDIF(C72,E72,"m"),11)))) -> 0 | H72: 12 | I72: =COUNTIF(P72:BW72,SET!$C$15)*SET!$C$16+COUNTIF(P72:BW72,SET!$D$15)*SET!$D$16+COUNTIF(P72:BW72,SET!E$15)*SET!$E$16+COUNTIF(P72:BW72,SET!$F$15)*SET!$F$16+COUNTIF(P72:BW72,SET!$G$15)*SET!$G$16+COUNTIF(P72:BW72,SET!$H$15)*SET!$H$16+COUNTIF(P72:BW72,SET!$I$15)*SET!$I$16+COUNTIF(P72:BW72,)*SET!$K$16+COUNTIF(P72:BW72,SET!$M$15)*SET!$M$16 -> 3 | J72: =F72+G72+H72-I72 -> 27 | K72: =IF(E72="","",IF(AND(D72>C72,EDATE(IF(EDATE(C72,12)<D72,C72,E72),12)>D72),"퇴직정산",IF((E72-C72)>=365,EDATE(E72,12),EDATE(C72,24)))) -> 46451 | L72: =IF(K72="퇴직정산",J72,IF((M$2-C72)<365,"미확정",IF(M72="유예","유예",J72-M72))) -> 20 | M72: =IF(C72=0,0,IF(K72="퇴직정산",0,IF(J72<=0,0,IF(EDATE(C72,3)>M$2,"유예",IF(SET!$J$3="없음",0,IF(SET!$J$3="전부",IF(E72>=DATE(YEAR(SET!$I$11),MONTH(SET!$J$11),DAY(SET!$L$11)),MAX(0,F72-IF(I72<(G72+H72),0,(I72-(G72+H72)))),0),IF(E72>=DATE(YEAR(SET!$I$11),MONTH(SET!$J$11),DAY(SET!$L$11)),MAX(0,MIN(F72,SET!$L$3)-IF(I72<(G72+H72),0,(I72-(G72+H72)))),0))))))) -> 7 | N72: =IF(D72=0,IF(M72>0,IF((E72-C72)>=365,EDATE(E72,6),EDATE(K72,-6)),""),"") -> 46270 | O72: =IF(D72=0,IF(M72>0,IF((E72-C72)>=365,EDATE(E72,10),EDATE(K72,-2)),""),"") -> 46392 | P72: 연차 | Q72: 연차 | R72: 연차
P73: 26/03/26 | Q73: 26/04/24 | R73: 26/04/25
B74: RN 윤설화 | C74: 43739 | E74: =IF(DATEDIF(C74,M$2,"m")<1,"",IF(C74=0,"",IF(EDATE(C74,12)<IF($D74>0,$D74-1,M$2),EDATE(C74,DATEDIF(C74,IF($D74>0,$D74-1,M$2+1),"y")*12),EDATE(C74,DATEDIF(C74,IF($D74>0,$D74-1,M$2+1),"m"))))) -> 45931 | F74: =IF(E74="",0,IF(EDATE(C74,12)<=E74,15+IF((YEAR(E74)-YEAR($C74))>20,10,INT((YEAR(E74)-YEAR($C74)-1)/2)),0)) -> 17 | G74: =IF(E74="",0,IF(E74>=EDATE(C74,12),IF(E74<EDATE(C74,24),IF(C74<SET!$J$20,0,MIN(DATEDIF(C74,E74,"m"),11)),0),IF(D74>C74,IF(E74<=EDATE(C74,12),MIN(DATEDIF(C74,D74+1,"m"),11),0),MIN(DATEDIF(C74,E74,"m"),11)))) -> 0 | H74: 15 | I74: =COUNTIF(P74:BW74,SET!$C$15)*SET!$C$16+COUNTIF(P74:BW74,SET!$D$15)*SET!$D$16+COUNTIF(P74:BW74,SET!E$15)*SET!$E$16+COUNTIF(P74:BW74,SET!$F$15)*SET!$F$16+COUNTIF(P74:BW74,SET!$G$15)*SET!$G$16+COUNTIF(P74:BW74,SET!$H$15)*SET!$H$16+COUNTIF(P74:BW74,SET!$I$15)*SET!$I$16+COUNTIF(P74:BW74,)*SET!$K$16+COUNTIF(P74:BW74,SET!$M$15)*SET!$M$16 -> 16 | J74: =F74+G74+H74-I74 -> 16 | K74: =IF(E74="","",IF(AND(D74>C74,EDATE(IF(EDATE(C74,12)<D74,C74,E74),12)>D74),"퇴직정산",IF((E74-C74)>=365,EDATE(E74,12),EDATE(C74,24)))) -> 46296 | L74: =IF(K74="퇴직정산",J74,IF((M$2-C74)<365,"미확정",IF(M74="유예","유예",J74-M74))) -> 10 | M74: =IF(C74=0,0,IF(K74="퇴직정산",0,IF(J74<=0,0,IF(EDATE(C74,3)>M$2,"유예",IF(SET!$J$3="없음",0,IF(SET!$J$3="전부",IF(E74>=DATE(YEAR(SET!$I$11),MONTH(SET!$J$11),DAY(SET!$L$11)),MAX(0,F74-IF(I74<(G74+H74),0,(I74-(G74+H74)))),0),IF(E74>=DATE(YEAR(SET!$I$11),MONTH(SET!$J$11),DAY(SET!$L$11)),MAX(0,MIN(F74,SET!$L$3)-IF(I74<(G74+H74),0,(I74-(G74+H74)))),0))))))) -> 6 | N74: =IF(D74=0,IF(M74>0,IF((E74-C74)>=365,EDATE(E74,6),EDATE(K74,-6)),""),"") -> 46113 | O74: =IF(D74=0,IF(M74>0,IF((E74-C74)>=365,EDATE(E74,10),EDATE(K74,-2)),""),"") -> 46235 | P74: 연차 | Q74: 연차 | R74: 연차 | S74: 연차 | T74: 연차 | U74: 연차 | V74: 연차 | W74: 연차 | X74: 연차 | Y74: 연차 | Z74: 연차 | AA74: 연차 | AB74: 연차 | AC74: 연차 | AD74: 연차 | AE74: 연차
P75: 45906 | Q75: 45913 | R75: 45914 | S75: 45916 | T75: 45923 | U75: 45965 | V75: 45966 | W75: 25/12/05 | X75: 25/12/06 | Y75: 26/01/24 | Z75: 26/01/25 | AA75: 26/03/16 | AB75: 26/04/04 | AC75: 26/04/05 | AD75: 26/04/06 | AE75: 26/04/28
B76: RN 김소연 | C76: 43383 | E76: =IF(DATEDIF(C76,M$2,"m")<1,"",IF(C76=0,"",IF(EDATE(C76,12)<IF($D76>0,$D76-1,M$2),EDATE(C76,DATEDIF(C76,IF($D76>0,$D76-1,M$2+1),"y")*12),EDATE(C76,DATEDIF(C76,IF($D76>0,$D76-1,M$2+1),"m"))))) -> 45940 | F76: =IF(E76="",0,IF(EDATE(C76,12)<=E76,15+IF((YEAR(E76)-YEAR($C76))>20,10,INT((YEAR(E76)-YEAR($C76)-1)/2)),0)) -> 18 | G76: =IF(E76="",0,IF(E76>=EDATE(C76,12),IF(E76<EDATE(C76,24),IF(C76<SET!$J$20,0,MIN(DATEDIF(C76,E76,"m"),11)),0),IF(D76>C76,IF(E76<=EDATE(C76,12),MIN(DATEDIF(C76,D76+1,"m"),11),0),MIN(DATEDIF(C76,E76,"m"),11)))) -> 0 | H76: 16 | I76: =COUNTIF(P76:BW76,SET!$C$15)*SET!$C$16+COUNTIF(P76:BW76,SET!$D$15)*SET!$D$16+COUNTIF(P76:BW76,SET!E$15)*SET!$E$16+COUNTIF(P76:BW76,SET!$F$15)*SET!$F$16+COUNTIF(P76:BW76,SET!$G$15)*SET!$G$16+COUNTIF(P76:BW76,SET!$H$15)*SET!$H$16+COUNTIF(P76:BW76,SET!$I$15)*SET!$I$16+COUNTIF(P76:BW76,)*SET!$K$16+COUNTIF(P76:BW76,SET!$M$15)*SET!$M$16 -> 13 | J76: =F76+G76+H76-I76 -> 21 | K76: =IF(E76="","",IF(AND(D76>C76,EDATE(IF(EDATE(C76,12)<D76,C76,E76),12)>D76),"퇴직정산",IF((E76-C76)>=365,EDATE(E76,12),EDATE(C76,24)))) -> 46305 | L76: =IF(K76="퇴직정산",J76,IF((M$2-C76)<365,"미확정",IF(M76="유예","유예",J76-M76))) -> 14 | M76: =IF(C76=0,0,IF(K76="퇴직정산",0,IF(J76<=0,0,IF(EDATE(C76,3)>M$2,"유예",IF(SET!$J$3="없음",0,IF(SET!$J$3="전부",IF(E76>=DATE(YEAR(SET!$I$11),MONTH(SET!$J$11),DAY(SET!$L$11)),MAX(0,F76-IF(I76<(G76+H76),0,(I76-(G76+H76)))),0),IF(E76>=DATE(YEAR(SET!$I$11),MONTH(SET!$J$11),DAY(SET!$L$11)),MAX(0,MIN(F76,SET!$L$3)-IF(I76<(G76+H76),0,(I76-(G76+H76)))),0))))))) -> 7 | N76: =IF(D76=0,IF(M76>0,IF((E76-C76)>=365,EDATE(E76,6),EDATE(K76,-6)),""),"") -> 46122 | O76: =IF(D76=0,IF(M76>0,IF((E76-C76)>=365,EDATE(E76,10),EDATE(K76,-2)),""),"") -> 46244 | P76: 연차 | Q76: 연차 | R76: 연차 | S76: 연차 | T76: 연차 | U76: 연차 | V76: 연차 | W76: 연차 | X76: 연차 | Y76: 연차 | Z76: 연차 | AA76: 연차 | AB76: 연차
P77: 45901 | Q77: 45924 | R77: 45926 | S77: 45927 | T77: 45972 | U77: 45973 | V77: 25/12/11 | W77: 25/12/14 | X77: 26/04/18 | Y77: 26/04/19 | Z77: 26/04/20 | AA77: 26/04/21 | AB77: 26/04/22
B78: RN 김혜인 | C78: 44348 | E78: =IF(DATEDIF(C78,M$2,"m")<1,"",IF(C78=0,"",IF(EDATE(C78,12)<IF($D78>0,$D78-1,M$2),EDATE(C78,DATEDIF(C78,IF($D78>0,$D78-1,M$2+1),"y")*12),EDATE(C78,DATEDIF(C78,IF($D78>0,$D78-1,M$2+1),"m"))))) -> 45809 | F78: =IF(E78="",0,IF(EDATE(C78,12)<=E78,15+IF((YEAR(E78)-YEAR($C78))>20,10,INT((YEAR(E78)-YEAR($C78)-1)/2)),0)) -> 16 | G78: =IF(E78="",0,IF(E78>=EDATE(C78,12),IF(E78<EDATE(C78,24),IF(C78<SET!$J$20,0,MIN(DATEDIF(C78,E78,"m"),11)),0),IF(D78>C78,IF(E78<=EDATE(C78,12),MIN(DATEDIF(C78,D78+1,"m"),11),0),MIN(DATEDIF(C78,E78,"m"),11)))) -> 0 | H78: 14 | I78: =COUNTIF(P78:BW78,SET!$C$15)*SET!$C$16+COUNTIF(P78:BW78,SET!$D$15)*SET!$D$16+COUNTIF(P78:BW78,SET!E$15)*SET!$E$16+COUNTIF(P78:BW78,SET!$F$15)*SET!$F$16+COUNTIF(P78:BW78,SET!$G$15)*SET!$G$16+COUNTIF(P78:BW78,SET!$H$15)*SET!$H$16+COUNTIF(P78:BW78,SET!$I$15)*SET!$I$16+COUNTIF(P78:BW78,)*SET!$K$16+COUNTIF(P78:BW78,SET!$M$15)*SET!$M$16 -> 10 | J78: =F78+G78+H78-I78 -> 20 | K78: =IF(E78="","",IF(AND(D78>C78,EDATE(IF(EDATE(C78,12)<D78,C78,E78),12)>D78),"퇴직정산",IF((E78-C78)>=365,EDATE(E78,12),EDATE(C78,24)))) -> 46174 | L78: =IF(K78="퇴직정산",J78,IF((M$2-C78)<365,"미확정",IF(M78="유예","유예",J78-M78))) -> 13 | M78: =IF(C78=0,0,IF(K78="퇴직정산",0,IF(J78<=0,0,IF(EDATE(C78,3)>M$2,"유예",IF(SET!$J$3="없음",0,IF(SET!$J$3="전부",IF(E78>=DATE(YEAR(SET!$I$11),MONTH(SET!$J$11),DAY(SET!$L$11)),MAX(0,F78-IF(I78<(G78+H78),0,(I78-(G78+H78)))),0),IF(E78>=DATE(YEAR(SET!$I$11),MONTH(SET!$J$11),DAY(SET!$L$11)),MAX(0,MIN(F78,SET!$L$3)-IF(I78<(G78+H78),0,(I78-(G78+H78)))),0))))))) -> 7 | N78: =IF(D78=0,IF(M78>0,IF((E78-C78)>=365,EDATE(E78,6),EDATE(K78,-6)),""),"") -> 45992 | O78: =IF(D78=0,IF(M78>0,IF((E78-C78)>=365,EDATE(E78,10),EDATE(K78,-2)),""),"") -> 46113 | P78: 연차 | Q78: 경조 | R78: 연차 | S78: 연차 | T78: 연차 | U78: 연차 | V78: 연차 | W78: 연차 | X78: 연차 | Y78: 연차 | Z78: 연차
P79: 45843 | Q79: 25/08/31 ~ 25/09/04 (결혼) | R79: 45905 | S79: 45906 | T79: 45936 | U79: 45976 | V79: 25/12/27 | W79: 26/01/22 | X79: 26/02/17 | Y79: 26/02/18 | Z79: 26/04/27
B80: RN 박민정 | C80: 44116 | E80: =IF(DATEDIF(C80,M$2,"m")<1,"",IF(C80=0,"",IF(EDATE(C80,12)<IF($D80>0,$D80-1,M$2),EDATE(C80,DATEDIF(C80,IF($D80>0,$D80-1,M$2+1),"y")*12),EDATE(C80,DATEDIF(C80,IF($D80>0,$D80-1,M$2+1),"m"))))) -> 45942 | F80: =IF(E80="",0,IF(EDATE(C80,12)<=E80,15+IF((YEAR(E80)-YEAR($C80))>20,10,INT((YEAR(E80)-YEAR($C80)-1)/2)),0)) -> 17 | G80: =IF(E80="",0,IF(E80>=EDATE(C80,12),IF(E80<EDATE(C80,24),IF(C80<SET!$J$20,0,MIN(DATEDIF(C80,E80,"m"),11)),0),IF(D80>C80,IF(E80<=EDATE(C80,12),MIN(DATEDIF(C80,D80+1,"m"),11),0),MIN(DATEDIF(C80,E80,"m"),11)))) -> 0 | H80: 3 | I80: =COUNTIF(P80:BW80,SET!$C$15)*SET!$C$16+COUNTIF(P80:BW80,SET!$D$15)*SET!$D$16+COUNTIF(P80:BW80,SET!E$15)*SET!$E$16+COUNTIF(P80:BW80,SET!$F$15)*SET!$F$16+COUNTIF(P80:BW80,SET!$G$15)*SET!$G$16+COUNTIF(P80:BW80,SET!$H$15)*SET!$H$16+COUNTIF(P80:BW80,SET!$I$15)*SET!$I$16+COUNTIF(P80:BW80,)*SET!$K$16+COUNTIF(P80:BW80,SET!$M$15)*SET!$M$16 -> 12 | J80: =F80+G80+H80-I80 -> 8 | K80: =IF(E80="","",IF(AND(D80>C80,EDATE(IF(EDATE(C80,12)<D80,C80,E80),12)>D80),"퇴직정산",IF((E80-C80)>=365,EDATE(E80,12),EDATE(C80,24)))) -> 46307 | L80: =IF(K80="퇴직정산",J80,IF((M$2-C80)<365,"미확정",IF(M80="유예","유예",J80-M80))) -> 8 | M80: =IF(C80=0,0,IF(K80="퇴직정산",0,IF(J80<=0,0,IF(EDATE(C80,3)>M$2,"유예",IF(SET!$J$3="없음",0,IF(SET!$J$3="전부",IF(E80>=DATE(YEAR(SET!$I$11),MONTH(SET!$J$11),DAY(SET!$L$11)),MAX(0,F80-IF(I80<(G80+H80),0,(I80-(G80+H80)))),0),IF(E80>=DATE(YEAR(SET!$I$11),MONTH(SET!$J$11),DAY(SET!$L$11)),MAX(0,MIN(F80,SET!$L$3)-IF(I80<(G80+H80),0,(I80-(G80+H80)))),0))))))) -> 0 | N80: =IF(D80=0,IF(M80>0,IF((E80-C80)>=365,EDATE(E80,6),EDATE(K80,-6)),""),"") | O80: =IF(D80=0,IF(M80>0,IF((E80-C80)>=365,EDATE(E80,10),EDATE(K80,-2)),""),"") | P80: 연차 | Q80: 연차 | R80: 연차 | S80: 경조5 | T80: 연차 | U80: 연차 | V80: 연차 | W80: 연차 | X80: 연차 | Y80: 연차 | Z80: 연차 | AA80: 연차 | AB80: 연차
P81: 45973 | Q81: 45994 | R81: 45995 | S81: 25/12/27 | T81: 26/01/05 | U81: 26/01/06 | V81: 26/01/07 | W81: 26/01/08 | X81: 26/01/09 | Y81: 26/01/10 | Z81: 26/03/15 | AA81: 26/04/12 | AB81: 26/04/13
B82: RN 문다희 | C82: 44462 | E82: =IF(DATEDIF(C82,M$2,"m")<1,"",IF(C82=0,"",IF(EDATE(C82,12)<IF($D82>0,$D82-1,M$2),EDATE(C82,DATEDIF(C82,IF($D82>0,$D82-1,M$2+1),"y")*12),EDATE(C82,DATEDIF(C82,IF($D82>0,$D82-1,M$2+1),"m"))))) -> 45923 | F82: =IF(E82="",0,IF(EDATE(C82,12)<=E82,15+IF((YEAR(E82)-YEAR($C82))>20,10,INT((YEAR(E82)-YEAR($C82)-1)/2)),0)) -> 16 | G82: =IF(E82="",0,IF(E82>=EDATE(C82,12),IF(E82<EDATE(C82,24),IF(C82<SET!$J$20,0,MIN(DATEDIF(C82,E82,"m"),11)),0),IF(D82>C82,IF(E82<=EDATE(C82,12),MIN(DATEDIF(C82,D82+1,"m"),11),0),MIN(DATEDIF(C82,E82,"m"),11)))) -> 0 | H82: 13 | I82: =COUNTIF(P82:BW82,SET!$C$15)*SET!$C$16+COUNTIF(P82:BW82,SET!$D$15)*SET!$D$16+COUNTIF(P82:BW82,SET!E$15)*SET!$E$16+COUNTIF(P82:BW82,SET!$F$15)*SET!$F$16+COUNTIF(P82:BW82,SET!$G$15)*SET!$G$16+COUNTIF(P82:BW82,SET!$H$15)*SET!$H$16+COUNTIF(P82:BW82,SET!$I$15)*SET!$I$16+COUNTIF(P82:BW82,)*SET!$K$16+COUNTIF(P82:BW82,SET!$M$15)*SET!$M$16 -> 17 | J82: =F82+G82+H82-I82 -> 12 | K82: =IF(E82="","",IF(AND(D82>C82,EDATE(IF(EDATE(C82,12)<D82,C82,E82),12)>D82),"퇴직정산",IF((E82-C82)>=365,EDATE(E82,12),EDATE(C82,24)))) -> 46288 | L82: =IF(K82="퇴직정산",J82,IF((M$2-C82)<365,"미확정",IF(M82="유예","유예",J82-M82))) -> 9 | M82: =IF(C82=0,0,IF(K82="퇴직정산",0,IF(J82<=0,0,IF(EDATE(C82,3)>M$2,"유예",IF(SET!$J$3="없음",0,IF(SET!$J$3="전부",IF(E82>=DATE(YEAR(SET!$I$11),MONTH(SET!$J$11),DAY(SET!$L$11)),MAX(0,F82-IF(I82<(G82+H82),0,(I82-(G82+H82)))),0),IF(E82>=DATE(YEAR(SET!$I$11),MONTH(SET!$J$11),DAY(SET!$L$11)),MAX(0,MIN(F82,SET!$L$3)-IF(I82<(G82+H82),0,(I82-(G82+H82)))),0))))))) -> 3 | N82: =IF(D82=0,IF(M82>0,IF((E82-C82)>=365,EDATE(E82,6),EDATE(K82,-6)),""),"") -> 46104 | O82: =IF(D82=0,IF(M82>0,IF((E82-C82)>=365,EDATE(E82,10),EDATE(K82,-2)),""),"") -> 46226 | P82: 연차 | Q82: 연차 | R82: 연차 | S82: 연차 | T82: 연차 | U82: 연차 | V82: 연차 | W82: 연차 | X82: 연차 | Y82: 연차 | Z82: 연차 | AA82: 연차 | AB82: 연차 | AC82: 연차 | AD82: 연차 | AE82: 연차 | AF82: 연차
P83: 45907 | Q83: 45913 | R83: 45914 | S83: 45915 | T83: 45990 | U83: 45991 | V83: 25/12/06 | W83: 25/12/07 | X83: 25/12/20 | Y83: 26/01/17 | Z83: 26/01/18 | AA83: 26/03/29 | AB83: 26/04/11 | AC83: 26/04/12 | AD83: 26/04/17 | AE83: 26/04/24 | AF83: 26/04/25
B84: RN 정지연 | C84: 44942 | E84: =IF(DATEDIF(C84,M$2,"m")<1,"",IF(C84=0,"",IF(EDATE(C84,12)<IF($D84>0,$D84-1,M$2),EDATE(C84,DATEDIF(C84,IF($D84>0,$D84-1,M$2+1),"y")*12),EDATE(C84,DATEDIF(C84,IF($D84>0,$D84-1,M$2+1),"m"))))) -> 46038 | F84: =IF(E84="",0,IF(EDATE(C84,12)<=E84,15+IF((YEAR(E84)-YEAR($C84))>20,10,INT((YEAR(E84)-YEAR($C84)-1)/2)),0)) -> 16 | G84: =IF(E84="",0,IF(E84>=EDATE(C84,12),IF(E84<EDATE(C84,24),IF(C84<SET!$J$20,0,MIN(DATEDIF(C84,E84,"m"),11)),0),IF(D84>C84,IF(E84<=EDATE(C84,12),MIN(DATEDIF(C84,D84+1,"m"),11),0),MIN(DATEDIF(C84,E84,"m"),11)))) -> 0 | H84: 12 | I84: =COUNTIF(P84:BW84,SET!$C$15)*SET!$C$16+COUNTIF(P84:BW84,SET!$D$15)*SET!$D$16+COUNTIF(P84:BW84,SET!E$15)*SET!$E$16+COUNTIF(P84:BW84,SET!$F$15)*SET!$F$16+COUNTIF(P84:BW84,SET!$G$15)*SET!$G$16+COUNTIF(P84:BW84,SET!$H$15)*SET!$H$16+COUNTIF(P84:BW84,SET!$I$15)*SET!$I$16+COUNTIF(P84:BW84,)*SET!$K$16+COUNTIF(P84:BW84,SET!$M$15)*SET!$M$16 -> 4 | J84: =F84+G84+H84-I84 -> 24 | K84: =IF(E84="","",IF(AND(D84>C84,EDATE(IF(EDATE(C84,12)<D84,C84,E84),12)>D84),"퇴직정산",IF((E84-C84)>=365,EDATE(E84,12),EDATE(C84,24)))) -> 46403 | L84: =IF(K84="퇴직정산",J84,IF((M$2-C84)<365,"미확정",IF(M84="유예","유예",J84-M84))) -> 17 | M84: =IF(C84=0,0,IF(K84="퇴직정산",0,IF(J84<=0,0,IF(EDATE(C84,3)>M$2,"유예",IF(SET!$J$3="없음",0,IF(SET!$J$3="전부",IF(E84>=DATE(YEAR(SET!$I$11),MONTH(SET!$J$11),DAY(SET!$L$11)),MAX(0,F84-IF(I84<(G84+H84),0,(I84-(G84+H84)))),0),IF(E84>=DATE(YEAR(SET!$I$11),MONTH(SET!$J$11),DAY(SET!$L$11)),MAX(0,MIN(F84,SET!$L$3)-IF(I84<(G84+H84),0,(I84-(G84+H84)))),0))))))) -> 7 | N84: =IF(D84=0,IF(M84>0,IF((E84-C84)>=365,EDATE(E84,6),EDATE(K84,-6)),""),"") -> 46219 | O84: =IF(D84=0,IF(M84>0,IF((E84-C84)>=365,EDATE(E84,10),EDATE(K84,-2)),""),"") -> 46342 | P84: 연차 | Q84: 연차 | R84: 연차 | S84: 연차
P85: 46040 | Q85: 46101 | R85: 46140 | S85: 46141
B86: RN 이나은 | C86: 45203 | E86: =IF(DATEDIF(C86,M$2,"m")<1,"",IF(C86=0,"",IF(EDATE(C86,12)<IF($D86>0,$D86-1,M$2),EDATE(C86,DATEDIF(C86,IF($D86>0,$D86-1,M$2+1),"y")*12),EDATE(C86,DATEDIF(C86,IF($D86>0,$D86-1,M$2+1),"m"))))) -> 45934 | F86: =IF(E86="",0,IF(EDATE(C86,12)<=E86,15+IF((YEAR(E86)-YEAR($C86))>20,10,INT((YEAR(E86)-YEAR($C86)-1)/2)),0)) -> 15 | G86: =IF(E86="",0,IF(E86>=EDATE(C86,12),IF(E86<EDATE(C86,24),IF(C86<SET!$J$20,0,MIN(DATEDIF(C86,E86,"m"),11)),0),IF(D86>C86,IF(E86<=EDATE(C86,12),MIN(DATEDIF(C86,D86+1,"m"),11),0),MIN(DATEDIF(C86,E86,"m"),11)))) -> 0 | H86: 10 | I86: =COUNTIF(P86:BW86,SET!$C$15)*SET!$C$16+COUNTIF(P86:BW86,SET!$D$15)*SET!$D$16+COUNTIF(P86:BW86,SET!E$15)*SET!$E$16+COUNTIF(P86:BW86,SET!$F$15)*SET!$F$16+COUNTIF(P86:BW86,SET!$G$15)*SET!$G$16+COUNTIF(P86:BW86,SET!$H$15)*SET!$H$16+COUNTIF(P86:BW86,SET!$I$15)*SET!$I$16+COUNTIF(P86:BW86,)*SET!$K$16+COUNTIF(P86:BW86,SET!$M$15)*SET!$M$16 -> 14 | J86: =F86+G86+H86-I86 -> 11 | K86: =IF(E86="","",IF(AND(D86>C86,EDATE(IF(EDATE(C86,12)<D86,C86,E86),12)>D86),"퇴직정산",IF((E86-C86)>=365,EDATE(E86,12),EDATE(C86,24)))) -> 46299 | L86: =IF(K86="퇴직정산",J86,IF((M$2-C86)<365,"미확정",IF(M86="유예","유예",J86-M86))) -> 8 | M86: =IF(C86=0,0,IF(K86="퇴직정산",0,IF(J86<=0,0,IF(EDATE(C86,3)>M$2,"유예",IF(SET!$J$3="없음",0,IF(SET!$J$3="전부",IF(E86>=DATE(YEAR(SET!$I$11),MONTH(SET!$J$11),DAY(SET!$L$11)),MAX(0,F86-IF(I86<(G86+H86),0,(I86-(G86+H86)))),0),IF(E86>=DATE(YEAR(SET!$I$11),MONTH(SET!$J$11),DAY(SET!$L$11)),MAX(0,MIN(F86,SET!$L$3)-IF(I86<(G86+H86),0,(I86-(G86+H86)))),0))))))) -> 3 | N86: =IF(D86=0,IF(M86>0,IF((E86-C86)>=365,EDATE(E86,6),EDATE(K86,-6)),""),"") -> 46116 | O86: =IF(D86=0,IF(M86>0,IF((E86-C86)>=365,EDATE(E86,10),EDATE(K86,-2)),""),"") -> 46238 | P86: 연차 | Q86: 연차 | R86: 연차 | S86: 연차 | T86: 연차 | U86: 연차 | V86: 연차 | W86: 연차 | X86: 연차 | Y86: 연차 | Z86: 연차 | AA86: 연차 | AB86: 연차 | AC86: 연차
P87: 45908 | Q87: 45928 | R87: 45929 | S87: 45940 | T87: 45976 | U87: 45977 | V87: 46012 | W87: 46013 | X87: 26/01/22 | Y87: 26/01/23 | Z87: 26/03/23 | AA87: 26/03/24 | AB87: 26/04/20 | AC87: 26/04/21
B88: RN 이희진 | C88: 45273 | E88: =IF(DATEDIF(C88,M$2,"m")<1,"",IF(C88=0,"",IF(EDATE(C88,12)<IF($D88>0,$D88-1,M$2),EDATE(C88,DATEDIF(C88,IF($D88>0,$D88-1,M$2+1),"y")*12),EDATE(C88,DATEDIF(C88,IF($D88>0,$D88-1,M$2+1),"m"))))) -> 46004 | F88: =IF(E88="",0,IF(EDATE(C88,12)<=E88,15+IF((YEAR(E88)-YEAR($C88))>20,10,INT((YEAR(E88)-YEAR($C88)-1)/2)),0)) -> 15 | G88: =IF(E88="",0,IF(E88>=EDATE(C88,12),IF(E88<EDATE(C88,24),IF(C88<SET!$J$20,0,MIN(DATEDIF(C88,E88,"m"),11)),0),IF(D88>C88,IF(E88<=EDATE(C88,12),MIN(DATEDIF(C88,D88+1,"m"),11),0),MIN(DATEDIF(C88,E88,"m"),11)))) -> 0 | H88: 6 | I88: =COUNTIF(P88:BW88,SET!$C$15)*SET!$C$16+COUNTIF(P88:BW88,SET!$D$15)*SET!$D$16+COUNTIF(P88:BW88,SET!E$15)*SET!$E$16+COUNTIF(P88:BW88,SET!$F$15)*SET!$F$16+COUNTIF(P88:BW88,SET!$G$15)*SET!$G$16+COUNTIF(P88:BW88,SET!$H$15)*SET!$H$16+COUNTIF(P88:BW88,SET!$I$15)*SET!$I$16+COUNTIF(P88:BW88,)*SET!$K$16+COUNTIF(P88:BW88,SET!$M$15)*SET!$M$16 -> 10 | J88: =F88+G88+H88-I88 -> 11 | K88: =IF(E88="","",IF(AND(D88>C88,EDATE(IF(EDATE(C88,12)<D88,C88,E88),12)>D88),"퇴직정산",IF((E88-C88)>=365,EDATE(E88,12),EDATE(C88,24)))) -> 46369 | L88: =IF(K88="퇴직정산",J88,IF((M$2-C88)<365,"미확정",IF(M88="유예","유예",J88-M88))) -> 8 | M88: =IF(C88=0,0,IF(K88="퇴직정산",0,IF(J88<=0,0,IF(EDATE(C88,3)>M$2,"유예",IF(SET!$J$3="없음",0,IF(SET!$J$3="전부",IF(E88>=DATE(YEAR(SET!$I$11),MONTH(SET!$J$11),DAY(SET!$L$11)),MAX(0,F88-IF(I88<(G88+H88),0,(I88-(G88+H88)))),0),IF(E88>=DATE(YEAR(SET!$I$11),MONTH(SET!$J$11),DAY(SET!$L$11)),MAX(0,MIN(F88,SET!$L$3)-IF(I88<(G88+H88),0,(I88-(G88+H88)))),0))))))) -> 3 | N88: =IF(D88=0,IF(M88>0,IF((E88-C88)>=365,EDATE(E88,6),EDATE(K88,-6)),""),"") -> 46186 | O88: =IF(D88=0,IF(M88>0,IF((E88-C88)>=365,EDATE(E88,10),EDATE(K88,-2)),""),"") -> 46308 | P88: 연차 | Q88: 연차 | R88: 연차 | S88: 연차 | T88: 연차 | U88: 연차 | V88: 연차 | W88: 연차 | X88: 연차 | Y88: 연차
P89: 45983 | Q89: 45984 | R89: 25/12/19 | S89: 25/12/20 | T89: 25/12/21 | U89: 26/01/25 | V89: 26/03/21 | W89: 26/03/22 | X89: 26/04/06 | Y89: 26/04/07
B90: RN 강문희 | C90: 45278 | E90: =IF(DATEDIF(C90,M$2,"m")<1,"",IF(C90=0,"",IF(EDATE(C90,12)<IF($D90>0,$D90-1,M$2),EDATE(C90,DATEDIF(C90,IF($D90>0,$D90-1,M$2+1),"y")*12),EDATE(C90,DATEDIF(C90,IF($D90>0,$D90-1,M$2+1),"m"))))) -> 46009 | F90: =IF(E90="",0,IF(EDATE(C90,12)<=E90,15+IF((YEAR(E90)-YEAR($C90))>20,10,INT((YEAR(E90)-YEAR($C90)-1)/2)),0)) -> 15 | G90: =IF(E90="",0,IF(E90>=EDATE(C90,12),IF(E90<EDATE(C90,24),IF(C90<SET!$J$20,0,MIN(DATEDIF(C90,E90,"m"),11)),0),IF(D90>C90,IF(E90<=EDATE(C90,12),MIN(DATEDIF(C90,D90+1,"m"),11),0),MIN(DATEDIF(C90,E90,"m"),11)))) -> 0 | H90: 8 | I90: =COUNTIF(P90:BW90,SET!$C$15)*SET!$C$16+COUNTIF(P90:BW90,SET!$D$15)*SET!$D$16+COUNTIF(P90:BW90,SET!E$15)*SET!$E$16+COUNTIF(P90:BW90,SET!$F$15)*SET!$F$16+COUNTIF(P90:BW90,SET!$G$15)*SET!$G$16+COUNTIF(P90:BW90,SET!$H$15)*SET!$H$16+COUNTIF(P90:BW90,SET!$I$15)*SET!$I$16+COUNTIF(P90:BW90,)*SET!$K$16+COUNTIF(P90:BW90,SET!$M$15)*SET!$M$16 -> 8 | J90: =F90+G90+H90-I90 -> 15 | K90: =IF(E90="","",IF(AND(D90>C90,EDATE(IF(EDATE(C90,12)<D90,C90,E90),12)>D90),"퇴직정산",IF((E90-C90)>=365,EDATE(E90,12),EDATE(C90,24)))) -> 46374 | L90: =IF(K90="퇴직정산",J90,IF((M$2-C90)<365,"미확정",IF(M90="유예","유예",J90-M90))) -> 8 | M90: =IF(C90=0,0,IF(K90="퇴직정산",0,IF(J90<=0,0,IF(EDATE(C90,3)>M$2,"유예",IF(SET!$J$3="없음",0,IF(SET!$J$3="전부",IF(E90>=DATE(YEAR(SET!$I$11),MONTH(SET!$J$11),DAY(SET!$L$11)),MAX(0,F90-IF(I90<(G90+H90),0,(I90-(G90+H90)))),0),IF(E90>=DATE(YEAR(SET!$I$11),MONTH(SET!$J$11),DAY(SET!$L$11)),MAX(0,MIN(F90,SET!$L$3)-IF(I90<(G90+H90),0,(I90-(G90+H90)))),0))))))) -> 7 | N90: =IF(D90=0,IF(M90>0,IF((E90-C90)>=365,EDATE(E90,6),EDATE(K90,-6)),""),"") -> 46191 | O90: =IF(D90=0,IF(M90>0,IF((E90-C90)>=365,EDATE(E90,10),EDATE(K90,-2)),""),"") -> 46313 | P90: 연차 | Q90: 연차 | R90: 연차 | S90: 연차 | T90: 연차 | U90: 연차 | V90: 연차 | W90: 연차
P91: 25/12/08 | Q91: 25/12/09 | R91: 25/12/10 | S91: 26/03/26 | T91: 26/04/01 | U91: 26/04/02 | V91: 26/04/18 | W91: 26/04/19
B92: RN 현진주 | C92: 45362 | E92: =IF(DATEDIF(C92,M$2,"m")<1,"",IF(C92=0,"",IF(EDATE(C92,12)<IF($D92>0,$D92-1,M$2),EDATE(C92,DATEDIF(C92,IF($D92>0,$D92-1,M$2+1),"y")*12),EDATE(C92,DATEDIF(C92,IF($D92>0,$D92-1,M$2+1),"m"))))) -> 46092 | F92: =IF(E92="",0,IF(EDATE(C92,12)<=E92,15+IF((YEAR(E92)-YEAR($C92))>20,10,INT((YEAR(E92)-YEAR($C92)-1)/2)),0)) -> 15 | G92: =IF(E92="",0,IF(E92>=EDATE(C92,12),IF(E92<EDATE(C92,24),IF(C92<SET!$J$20,0,MIN(DATEDIF(C92,E92,"m"),11)),0),IF(D92>C92,IF(E92<=EDATE(C92,12),MIN(DATEDIF(C92,D92+1,"m"),11),0),MIN(DATEDIF(C92,E92,"m"),11)))) -> 0 | H92: 6 | I92: =COUNTIF(P92:BW92,SET!$C$15)*SET!$C$16+COUNTIF(P92:BW92,SET!$D$15)*SET!$D$16+COUNTIF(P92:BW92,SET!E$15)*SET!$E$16+COUNTIF(P92:BW92,SET!$F$15)*SET!$F$16+COUNTIF(P92:BW92,SET!$G$15)*SET!$G$16+COUNTIF(P92:BW92,SET!$H$15)*SET!$H$16+COUNTIF(P92:BW92,SET!$I$15)*SET!$I$16+COUNTIF(P92:BW92,)*SET!$K$16+COUNTIF(P92:BW92,SET!$M$15)*SET!$M$16 -> 0 | J92: =F92+G92+H92-I92 -> 21 | K92: =IF(E92="","",IF(AND(D92>C92,EDATE(IF(EDATE(C92,12)<D92,C92,E92),12)>D92),"퇴직정산",IF((E92-C92)>=365,EDATE(E92,12),EDATE(C92,24)))) -> 46457 | L92: =IF(K92="퇴직정산",J92,IF((M$2-C92)<365,"미확정",IF(M92="유예","유예",J92-M92))) -> 14 | M92: =IF(C92=0,0,IF(K92="퇴직정산",0,IF(J92<=0,0,IF(EDATE(C92,3)>M$2,"유예",IF(SET!$J$3="없음",0,IF(SET!$J$3="전부",IF(E92>=DATE(YEAR(SET!$I$11),MONTH(SET!$J$11),DAY(SET!$L$11)),MAX(0,F92-IF(I92<(G92+H92),0,(I92-(G92+H92)))),0),IF(E92>=DATE(YEAR(SET!$I$11),MONTH(SET!$J$11),DAY(SET!$L$11)),MAX(0,MIN(F92,SET!$L$3)-IF(I92<(G92+H92),0,(I92-(G92+H92)))),0))))))) -> 7 | N92: =IF(D92=0,IF(M92>0,IF((E92-C92)>=365,EDATE(E92,6),EDATE(K92,-6)),""),"") -> 46276 | O92: =IF(D92=0,IF(M92>0,IF((E92-C92)>=365,EDATE(E92,10),EDATE(K92,-2)),""),"") -> 46398
B94: RN 배랑경 | C94: 43836 | E94: =IF(DATEDIF(C94,M$2,"m")<1,"",IF(C94=0,"",IF(EDATE(C94,12)<IF($D94>0,$D94-1,M$2),EDATE(C94,DATEDIF(C94,IF($D94>0,$D94-1,M$2+1),"y")*12),EDATE(C94,DATEDIF(C94,IF($D94>0,$D94-1,M$2+1),"m"))))) -> 46028 | F94: =IF(E94="",0,IF(EDATE(C94,12)<=E94,15+IF((YEAR(E94)-YEAR($C94))>20,10,INT((YEAR(E94)-YEAR($C94)-1)/2)),0)) -> 17 | G94: =IF(E94="",0,IF(E94>=EDATE(C94,12),IF(E94<EDATE(C94,24),IF(C94<SET!$J$20,0,MIN(DATEDIF(C94,E94,"m"),11)),0),IF(D94>C94,IF(E94<=EDATE(C94,12),MIN(DATEDIF(C94,D94+1,"m"),11),0),MIN(DATEDIF(C94,E94,"m"),11)))) -> 0 | H94: 5 | I94: =COUNTIF(P94:BW94,SET!$C$15)*SET!$C$16+COUNTIF(P94:BW94,SET!$D$15)*SET!$D$16+COUNTIF(P94:BW94,SET!E$15)*SET!$E$16+COUNTIF(P94:BW94,SET!$F$15)*SET!$F$16+COUNTIF(P94:BW94,SET!$G$15)*SET!$G$16+COUNTIF(P94:BW94,SET!$H$15)*SET!$H$16+COUNTIF(P94:BW94,SET!$I$15)*SET!$I$16+COUNTIF(P94:BW94,)*SET!$K$16+COUNTIF(P94:BW94,SET!$M$15)*SET!$M$16 -> 4.5 | J94: =F94+G94+H94-I94 -> 17.5 | K94: =IF(E94="","",IF(AND(D94>C94,EDATE(IF(EDATE(C94,12)<D94,C94,E94),12)>D94),"퇴직정산",IF((E94-C94)>=365,EDATE(E94,12),EDATE(C94,24)))) -> 46393 | L94: =IF(K94="퇴직정산",J94,IF((M$2-C94)<365,"미확정",IF(M94="유예","유예",J94-M94))) -> 10.5 | M94: =IF(C94=0,0,IF(K94="퇴직정산",0,IF(J94<=0,0,IF(EDATE(C94,3)>M$2,"유예",IF(SET!$J$3="없음",0,IF(SET!$J$3="전부",IF(E94>=DATE(YEAR(SET!$I$11),MONTH(SET!$J$11),DAY(SET!$L$11)),MAX(0,F94-IF(I94<(G94+H94),0,(I94-(G94+H94)))),0),IF(E94>=DATE(YEAR(SET!$I$11),MONTH(SET!$J$11),DAY(SET!$L$11)),MAX(0,MIN(F94,SET!$L$3)-IF(I94<(G94+H94),0,(I94-(G94+H94)))),0))))))) -> 7 | N94: =IF(D94=0,IF(M94>0,IF((E94-C94)>=365,EDATE(E94,6),EDATE(K94,-6)),""),"") -> 46209 | O94: =IF(D94=0,IF(M94>0,IF((E94-C94)>=365,EDATE(E94,10),EDATE(K94,-2)),""),"") -> 46332 | P94: 연차 | Q94: 연차 | R94: 연차 | S94: 연차 | T94: 반차
P95: 26/01/02 | Q95: 26/02/02 | R95: 26/02/23 | S95: 26/04/06 | T95: 26/04/17
B96: RN 김수민 | C96: 45931 | E96: =IF(DATEDIF(C96,M$2,"m")<1,"",IF(C96=0,"",IF(EDATE(C96,12)<IF($D96>0,$D96-1,M$2),EDATE(C96,DATEDIF(C96,IF($D96>0,$D96-1,M$2+1),"y")*12),EDATE(C96,DATEDIF(C96,IF($D96>0,$D96-1,M$2+1),"m"))))) -> 46143 | F96: =IF(E96="",0,IF(EDATE(C96,12)<=E96,15+IF((YEAR(E96)-YEAR($C96))>20,10,INT((YEAR(E96)-YEAR($C96)-1)/2)),0)) -> 0 | G96: =IF(E96="",0,IF(E96>=EDATE(C96,12),IF(E96<EDATE(C96,24),IF(C96<SET!$J$20,0,MIN(DATEDIF(C96,E96,"m"),11)),0),IF(D96>C96,IF(E96<=EDATE(C96,12),MIN(DATEDIF(C96,D96+1,"m"),11),0),MIN(DATEDIF(C96,E96,"m"),11)))) -> 7 | I96: =COUNTIF(P96:BW96,SET!$C$15)*SET!$C$16+COUNTIF(P96:BW96,SET!$D$15)*SET!$D$16+COUNTIF(P96:BW96,SET!E$15)*SET!$E$16+COUNTIF(P96:BW96,SET!$F$15)*SET!$F$16+COUNTIF(P96:BW96,SET!$G$15)*SET!$G$16+COUNTIF(P96:BW96,SET!$H$15)*SET!$H$16+COUNTIF(P96:BW96,SET!$I$15)*SET!$I$16+COUNTIF(P96:BW96,)*SET!$K$16+COUNTIF(P96:BW96,SET!$M$15)*SET!$M$16 -> 9 | J96: =F96+G96+H96-I96 -> -2 | K96: =IF(E96="","",IF(AND(D96>C96,EDATE(IF(EDATE(C96,12)<D96,C96,E96),12)>D96),"퇴직정산",IF((E96-C96)>=365,EDATE(E96,12),EDATE(C96,24)))) -> 46661 | L96: =IF(K96="퇴직정산",J96,IF((M$2-C96)<365,"미확정",IF(M96="유예","유예",J96-M96))) -> 미확정 | M96: =IF(C96=0,0,IF(K96="퇴직정산",0,IF(J96<=0,0,IF(EDATE(C96,3)>M$2,"유예",IF(SET!$J$3="없음",0,IF(SET!$J$3="전부",IF(E96>=DATE(YEAR(SET!$I$11),MONTH(SET!$J$11),DAY(SET!$L$11)),MAX(0,F96-IF(I96<(G96+H96),0,(I96-(G96+H96)))),0),IF(E96>=DATE(YEAR(SET!$I$11),MONTH(SET!$J$11),DAY(SET!$L$11)),MAX(0,MIN(F96,SET!$L$3)-IF(I96<(G96+H96),0,(I96-(G96+H96)))),0))))))) -> 0 | N96: =IF(D96=0,IF(M96>0,IF((E96-C96)>=365,EDATE(E96,6),EDATE(K96,-6)),""),"") | O96: =IF(D96=0,IF(M96>0,IF((E96-C96)>=365,EDATE(E96,10),EDATE(K96,-2)),""),"") | P96: 연차 | Q96: 연차 | R96: 연차 | S96: 연차 | T96: 연차 | U96: 연차 | V96: 연차 | W96: 연차 | X96: 연차
P97: 45978 | Q97: 25/12/19 | R97: 25/12/20 | S97: 25/12/21 | T97: 26/01/18 | U97: 26/03/29 | V97: 26/04/18 | W97: 26/04/19 | X97: 26/04/23
B98: RN 박영빈 | C98: 45962 | E98: =IF(DATEDIF(C98,M$2,"m")<1,"",IF(C98=0,"",IF(EDATE(C98,12)<IF($D98>0,$D98-1,M$2),EDATE(C98,DATEDIF(C98,IF($D98>0,$D98-1,M$2+1),"y")*12),EDATE(C98,DATEDIF(C98,IF($D98>0,$D98-1,M$2+1),"m"))))) -> 46143 | F98: =IF(E98="",0,IF(EDATE(C98,12)<=E98,15+IF((YEAR(E98)-YEAR($C98))>20,10,INT((YEAR(E98)-YEAR($C98)-1)/2)),0)) -> 0 | G98: =IF(E98="",0,IF(E98>=EDATE(C98,12),IF(E98<EDATE(C98,24),IF(C98<SET!$J$20,0,MIN(DATEDIF(C98,E98,"m"),11)),0),IF(D98>C98,IF(E98<=EDATE(C98,12),MIN(DATEDIF(C98,D98+1,"m"),11),0),MIN(DATEDIF(C98,E98,"m"),11)))) -> 6 | I98: =COUNTIF(P98:BW98,SET!$C$15)*SET!$C$16+COUNTIF(P98:BW98,SET!$D$15)*SET!$D$16+COUNTIF(P98:BW98,SET!E$15)*SET!$E$16+COUNTIF(P98:BW98,SET!$F$15)*SET!$F$16+COUNTIF(P98:BW98,SET!$G$15)*SET!$G$16+COUNTIF(P98:BW98,SET!$H$15)*SET!$H$16+COUNTIF(P98:BW98,SET!$I$15)*SET!$I$16+COUNTIF(P98:BW98,)*SET!$K$16+COUNTIF(P98:BW98,SET!$M$15)*SET!$M$16 -> 5 | J98: =F98+G98+H98-I98 -> 1 | K98: =IF(E98="","",IF(AND(D98>C98,EDATE(IF(EDATE(C98,12)<D98,C98,E98),12)>D98),"퇴직정산",IF((E98-C98)>=365,EDATE(E98,12),EDATE(C98,24)))) -> 46692 | L98: =IF(K98="퇴직정산",J98,IF((M$2-C98)<365,"미확정",IF(M98="유예","유예",J98-M98))) -> 미확정 | M98: =IF(C98=0,0,IF(K98="퇴직정산",0,IF(J98<=0,0,IF(EDATE(C98,3)>M$2,"유예",IF(SET!$J$3="없음",0,IF(SET!$J$3="전부",IF(E98>=DATE(YEAR(SET!$I$11),MONTH(SET!$J$11),DAY(SET!$L$11)),MAX(0,F98-IF(I98<(G98+H98),0,(I98-(G98+H98)))),0),IF(E98>=DATE(YEAR(SET!$I$11),MONTH(SET!$J$11),DAY(SET!$L$11)),MAX(0,MIN(F98,SET!$L$3)-IF(I98<(G98+H98),0,(I98-(G98+H98)))),0))))))) -> 0 | N98: =IF(D98=0,IF(M98>0,IF((E98-C98)>=365,EDATE(E98,6),EDATE(K98,-6)),""),"") | O98: =IF(D98=0,IF(M98>0,IF((E98-C98)>=365,EDATE(E98,10),EDATE(K98,-2)),""),"") | P98: 연차 | Q98: 연차 | R98: 연차 | S98: 연차 | T98: 연차
P99: 25/12/13 | Q99: 25/12/14 | R99: 26/01/25 | S99: 26/03/29 | T99: 26/04/18
B100: RN 김수진 | C100: 45971 | E100: =IF(DATEDIF(C100,M$2,"m")<1,"",IF(C100=0,"",IF(EDATE(C100,12)<IF($D100>0,$D100-1,M$2),EDATE(C100,DATEDIF(C100,IF($D100>0,$D100-1,M$2+1),"y")*12),EDATE(C100,DATEDIF(C100,IF($D100>0,$D100-1,M$2+1),"m"))))) -> 46152 | F100: =IF(E100="",0,IF(EDATE(C100,12)<=E100,15+IF((YEAR(E100)-YEAR($C100))>20,10,INT((YEAR(E100)-YEAR($C100)-1)/2)),0)) -> 0 | G100: =IF(E100="",0,IF(E100>=EDATE(C100,12),IF(E100<EDATE(C100,24),IF(C100<SET!$J$20,0,MIN(DATEDIF(C100,E100,"m"),11)),0),IF(D100>C100,IF(E100<=EDATE(C100,12),MIN(DATEDIF(C100,D100+1,"m"),11),0),MIN(DATEDIF(C100,E100,"m"),11)))) -> 6 | I100: =COUNTIF(P100:BW100,SET!$C$15)*SET!$C$16+COUNTIF(P100:BW100,SET!$D$15)*SET!$D$16+COUNTIF(P100:BW100,SET!E$15)*SET!$E$16+COUNTIF(P100:BW100,SET!$F$15)*SET!$F$16+COUNTIF(P100:BW100,SET!$G$15)*SET!$G$16+COUNTIF(P100:BW100,SET!$H$15)*SET!$H$16+COUNTIF(P100:BW100,SET!$I$15)*SET!$I$16+COUNTIF(P100:BW100,)*SET!$K$16+COUNTIF(P100:BW100,SET!$M$15)*SET!$M$16 -> 4 | J100: =F100+G100+H100-I100 -> 2 | K100: =IF(E100="","",IF(AND(D100>C100,EDATE(IF(EDATE(C100,12)<D100,C100,E100),12)>D100),"퇴직정산",IF((E100-C100)>=365,EDATE(E100,12),EDATE(C100,24)))) -> 46701 | L100: =IF(K100="퇴직정산",J100,IF((M$2-C100)<365,"미확정",IF(M100="유예","유예",J100-M100))) -> 미확정 | M100: =IF(C100=0,0,IF(K100="퇴직정산",0,IF(J100<=0,0,IF(EDATE(C100,3)>M$2,"유예",IF(SET!$J$3="없음",0,IF(SET!$J$3="전부",IF(E100>=DATE(YEAR(SET!$I$11),MONTH(SET!$J$11),DAY(SET!$L$11)),MAX(0,F100-IF(I100<(G100+H100),0,(I100-(G100+H100)))),0),IF(E100>=DATE(YEAR(SET!$I$11),MONTH(SET!$J$11),DAY(SET!$L$11)),MAX(0,MIN(F100,SET!$L$3)-IF(I100<(G100+H100),0,(I100-(G100+H100)))),0))))))) -> 0 | N100: =IF(D100=0,IF(M100>0,IF((E100-C100)>=365,EDATE(E100,6),EDATE(K100,-6)),""),"") | O100: =IF(D100=0,IF(M100>0,IF((E100-C100)>=365,EDATE(E100,10),EDATE(K100,-2)),""),"") | P100: 연차 | Q100: 연차 | R100: 연차 | S100: 연차
P101: 25/12/29 | Q101: 26/01/25 | R101: 26/04/04 | S101: 26/04/05
B102: RN 권효정 | C102: 46041 | E102: =IF(DATEDIF(C102,M$2,"m")<1,"",IF(C102=0,"",IF(EDATE(C102,12)<IF($D102>0,$D102-1,M$2),EDATE(C102,DATEDIF(C102,IF($D102>0,$D102-1,M$2+1),"y")*12),EDATE(C102,DATEDIF(C102,IF($D102>0,$D102-1,M$2+1),"m"))))) -> 46131 | F102: =IF(E102="",0,IF(EDATE(C102,12)<=E102,15+IF((YEAR(E102)-YEAR($C102))>20,10,INT((YEAR(E102)-YEAR($C102)-1)/2)),0)) -> 0 | G102: =IF(E102="",0,IF(E102>=EDATE(C102,12),IF(E102<EDATE(C102,24),IF(C102<SET!$J$20,0,MIN(DATEDIF(C102,E102,"m"),11)),0),IF(D102>C102,IF(E102<=EDATE(C102,12),MIN(DATEDIF(C102,D102+1,"m"),11),0),MIN(DATEDIF(C102,E102,"m"),11)))) -> 3 | I102: =COUNTIF(P102:BW102,SET!$C$15)*SET!$C$16+COUNTIF(P102:BW102,SET!$D$15)*SET!$D$16+COUNTIF(P102:BW102,SET!E$15)*SET!$E$16+COUNTIF(P102:BW102,SET!$F$15)*SET!$F$16+COUNTIF(P102:BW102,SET!$G$15)*SET!$G$16+COUNTIF(P102:BW102,SET!$H$15)*SET!$H$16+COUNTIF(P102:BW102,SET!$I$15)*SET!$I$16+COUNTIF(P102:BW102,)*SET!$K$16+COUNTIF(P102:BW102,SET!$M$15)*SET!$M$16 -> 2 | J102: =F102+G102+H102-I102 -> 1 | K102: =IF(E102="","",IF(AND(D102>C102,EDATE(IF(EDATE(C102,12)<D102,C102,E102),12)>D102),"퇴직정산",IF((E102-C102)>=365,EDATE(E102,12),EDATE(C102,24)))) -> 46771 | L102: =IF(K102="퇴직정산",J102,IF((M$2-C102)<365,"미확정",IF(M102="유예","유예",J102-M102))) -> 미확정 | M102: =IF(C102=0,0,IF(K102="퇴직정산",0,IF(J102<=0,0,IF(EDATE(C102,3)>M$2,"유예",IF(SET!$J$3="없음",0,IF(SET!$J$3="전부",IF(E102>=DATE(YEAR(SET!$I$11),MONTH(SET!$J$11),DAY(SET!$L$11)),MAX(0,F102-IF(I102<(G102+H102),0,(I102-(G102+H102)))),0),IF(E102>=DATE(YEAR(SET!$I$11),MONTH(SET!$J$11),DAY(SET!$L$11)),MAX(0,MIN(F102,SET!$L$3)-IF(I102<(G102+H102),0,(I102-(G102+H102)))),0))))))) -> 0 | N102: =IF(D102=0,IF(M102>0,IF((E102-C102)>=365,EDATE(E102,6),EDATE(K102,-6)),""),"") | O102: =IF(D102=0,IF(M102>0,IF((E102-C102)>=365,EDATE(E102,10),EDATE(K102,-2)),""),"") | P102: 연차 | Q102: 연차
P103: 26/03/29 | Q103: 26/04/30
B104: RN 김서우 | C104: 46049 | E104: =IF(DATEDIF(C104,M$2,"m")<1,"",IF(C104=0,"",IF(EDATE(C104,12)<IF($D104>0,$D104-1,M$2),EDATE(C104,DATEDIF(C104,IF($D104>0,$D104-1,M$2+1),"y")*12),EDATE(C104,DATEDIF(C104,IF($D104>0,$D104-1,M$2+1),"m"))))) -> 46139 | F104: =IF(E104="",0,IF(EDATE(C104,12)<=E104,15+IF((YEAR(E104)-YEAR($C104))>20,10,INT((YEAR(E104)-YEAR($C104)-1)/2)),0)) -> 0 | G104: =IF(E104="",0,IF(E104>=EDATE(C104,12),IF(E104<EDATE(C104,24),IF(C104<SET!$J$20,0,MIN(DATEDIF(C104,E104,"m"),11)),0),IF(D104>C104,IF(E104<=EDATE(C104,12),MIN(DATEDIF(C104,D104+1,"m"),11),0),MIN(DATEDIF(C104,E104,"m"),11)))) -> 3 | I104: =COUNTIF(P104:BW104,SET!$C$15)*SET!$C$16+COUNTIF(P104:BW104,SET!$D$15)*SET!$D$16+COUNTIF(P104:BW104,SET!E$15)*SET!$E$16+COUNTIF(P104:BW104,SET!$F$15)*SET!$F$16+COUNTIF(P104:BW104,SET!$G$15)*SET!$G$16+COUNTIF(P104:BW104,SET!$H$15)*SET!$H$16+COUNTIF(P104:BW104,SET!$I$15)*SET!$I$16+COUNTIF(P104:BW104,)*SET!$K$16+COUNTIF(P104:BW104,SET!$M$15)*SET!$M$16 -> 1 | J104: =F104+G104+H104-I104 -> 2 | K104: =IF(E104="","",IF(AND(D104>C104,EDATE(IF(EDATE(C104,12)<D104,C104,E104),12)>D104),"퇴직정산",IF((E104-C104)>=365,EDATE(E104,12),EDATE(C104,24)))) -> 46779 | L104: =IF(K104="퇴직정산",J104,IF((M$2-C104)<365,"미확정",IF(M104="유예","유예",J104-M104))) -> 미확정 | M104: =IF(C104=0,0,IF(K104="퇴직정산",0,IF(J104<=0,0,IF(EDATE(C104,3)>M$2,"유예",IF(SET!$J$3="없음",0,IF(SET!$J$3="전부",IF(E104>=DATE(YEAR(SET!$I$11),MONTH(SET!$J$11),DAY(SET!$L$11)),MAX(0,F104-IF(I104<(G104+H104),0,(I104-(G104+H104)))),0),IF(E104>=DATE(YEAR(SET!$I$11),MONTH(SET!$J$11),DAY(SET!$L$11)),MAX(0,MIN(F104,SET!$L$3)-IF(I104<(G104+H104),0,(I104-(G104+H104)))),0))))))) -> 0 | N104: =IF(D104=0,IF(M104>0,IF((E104-C104)>=365,EDATE(E104,6),EDATE(K104,-6)),""),"") | O104: =IF(D104=0,IF(M104>0,IF((E104-C104)>=365,EDATE(E104,10),EDATE(K104,-2)),""),"") | P104: 연차
P105: 26/04/24
...

Sheet 25년도 정산DATA(재직자)
R1: [근태목록 수정하기] | S1: https://blog.naver.com/bgheaven/221375853579
J2: 현재기준일자 | M2: =TODAY() -> 46157 | R2: [조건부서식 설명보기] | S2: https://blog.naver.com/bgheaven/221386977948
A4: 부서 | B4: 이 름 | C4: 입사일자 | D4: 정산일자 | E4: 연차유급휴가 발생현황 (현재기준) | I4: 사용 누계 | J4: 사용 가능 연차 | K4: 연차유급휴가 정산 | N4: 사용권고통보일자 1차 촉진 / 2차 촉진 | P4: 연차유급휴가 사용 및 근태 기록부
E5: 사용시작일 (발생확정다음날) | F5: 연차 일수 | G5: 신입 연차 | H5: 전년도 이월 연차 | K5: 정산시점 (사용종료다음날) | L5: 정산 일수 | M5: 사용 촉진 | N5: 근로자 자율 사용계획서 제출 | O5: 사용자의 강제 사용일자 통보 | P5: 1 | Q5: 2 | R5: 3 | S5: 4 | T5: 5 | U5: 6 | V5: 7 | W5: 8 | X5: 9 | Y5: 10 | Z5: 11 | AA5: 12 | AB5: 13 | AC5: 14 | AD5: 15 | AE5: 16 | AF5: 17 | AG5: 18 | AH5: 19 | AI5: 20 | AJ5: 21 | AK5: 22 | AL5: 23 | AM5: 24 | AN5: 25 | AO5: 26 | AP5: 27 | AQ5: 28 | AR5: 29 | AS5: 30 | AT5: 31 | AU5: 32 | AV5: 33 | AW5: 34 | AX5: 35 | AY5: 36 | AZ5: 37 | BA5: 38 | BB5: 39 | BC5: 40 | BD5: 41 | BE5: 42 | BF5: 43 | BG5: 44 | BH5: 45 | BI5: 46 | BJ5: 47 | BK5: 48 | BL5: 49 | BM5: 50 | BN5: 51 | BO5: 52 | BP5: 53 | BQ5: 54 | BR5: 55 | BS5: 56 | BT5: 57 | BU5: 58 | BV5: 59 | BW5: 60
A6: 5A병동 | B6: 병동지원 박세빈 | C6: 44927 | D6: 45658 | E6: =IF(DATEDIF(C6,M$2,"m")<1,"",IF(C6=0,"",IF(EDATE(C6,12)<IF($D6>0,$D6-1,M$2),EDATE(C6,DATEDIF(C6,IF($D6>0,$D6-1,M$2+1),"y")*12),EDATE(C6,DATEDIF(C6,IF($D6>0,$D6-1,M$2+1),"m"))))) -> 45292 | F6: =IF(E6="",0,IF(EDATE(C6,12)<=E6,15+IF((YEAR(E6)-YEAR($C6))>20,10,INT((YEAR(E6)-YEAR($C6)-1)/2)),0)) -> 15 | G6: =IF(E6="",0,IF(E6>=EDATE(C6,12),IF(E6<EDATE(C6,24),IF(C6<SET!$J$20,0,MIN(DATEDIF(C6,E6,"m"),11)),0),IF(D6>C6,IF(E6<=EDATE(C6,12),MIN(DATEDIF(C6,D6+1,"m"),11),0),MIN(DATEDIF(C6,E6,"m"),11)))) -> 11 | I6: =COUNTIF(P6:BW6,SET!$C$15)*SET!$C$16+COUNTIF(P6:BW6,SET!$D$15)*SET!$D$16+COUNTIF(P6:BW6,SET!E$15)*SET!$E$16+COUNTIF(P6:BW6,SET!$F$15)*SET!$F$16+COUNTIF(P6:BW6,SET!$G$15)*SET!$G$16+COUNTIF(P6:BW6,SET!$H$15)*SET!$H$16+COUNTIF(P6:BW6,SET!$I$15)*SET!$I$16+COUNTIF(P6:BW6,)*SET!$K$16+COUNTIF(P6:BW6,SET!$M$15)*SET!$M$16 -> 19.5 | J6: =F6+G6+H6-I6 -> 6.5 | K6: =IF(E6="","",IF(AND(D6>C6,EDATE(IF(EDATE(C6,12)<D6,C6,E6),12)>D6),"퇴직정산",IF((E6-C6)>=365,EDATE(E6,12),EDATE(C6,24)))) -> 45658 | L6: =IF(K6="퇴직정산",J6,IF((M$2-C6)<365,"미확정",IF(M6="유예","유예",J6-M6))) -> 6.5 | M6: =IF(C6=0,0,IF(K6="퇴직정산",0,IF(J6<=0,0,IF(EDATE(C6,3)>M$2,"유예",IF(SET!$J$3="없음",0,IF(SET!$J$3="전부",IF(E6>=DATE(YEAR(SET!$I$11),MONTH(SET!$J$11),DAY(SET!$L$11)),MAX(0,F6-IF(I6<(G6+H6),0,(I6-(G6+H6)))),0),IF(E6>=DATE(YEAR(SET!$I$11),MONTH(SET!$J$11),DAY(SET!$L$11)),MAX(0,MIN(F6,SET!$L$3)-IF(I6<(G6+H6),0,(I6-(G6+H6)))),0))))))) -> 0 | N6: =IF(D6=0,IF(M6>0,IF((E6-C6)>=365,EDATE(E6,6),EDATE(K6,-6)),""),"") | O6: =IF(D6=0,IF(M6>0,IF((E6-C6)>=365,EDATE(E6,10),EDATE(K6,-2)),""),"") | P6: 연차 | Q6: 반차 | R6: 반차 | S6: 연차 | T6: 연차 | U6: 연차 | V6: 연차 | W6: 연차 | X6: 연차 | Y6: 연차 | Z6: 연차 | AA6: 연차 | AB6: 연차 | AC6: 연차 | AD6: 연차 | AE6: 연차 | AF6: 반차 | AG6: 연차 | AH6: 연차 | AI6: 연차 | AJ6: 연차
P7: 44981 | Q7: 44999 | R7: 45020 | S7: 45124 | T7: 45159 | U7: 45182 | V7: 45183 | W7: 45231 | X7: 45232 | Y7: 45233 | Z7: 45271 | AA7: 45376 | AB7: 45404 | AC7: 45474 | AD7: 45491 | AE7: 45520 | AF7: 45560 | AG7: 45561 | AH7: 45589 | AI7: 45618 | AJ7: 45625
A8: 총무과 | B8: 장윤정 | C8: 44197 | D8: 45658 | E8: =IF(DATEDIF(C8,M$2,"m")<1,"",IF(C8=0,"",IF(EDATE(C8,12)<IF($D8>0,$D8-1,M$2),EDATE(C8,DATEDIF(C8,IF($D8>0,$D8-1,M$2+1),"y")*12),EDATE(C8,DATEDIF(C8,IF($D8>0,$D8-1,M$2+1),"m"))))) -> 45292 | F8: =IF(E8="",0,IF(EDATE(C8,12)<=E8,15+IF((YEAR(E8)-YEAR($C8))>20,10,INT((YEAR(E8)-YEAR($C8)-1)/2)),0)) -> 16 | G8: =IF(E8="",0,IF(E8>=EDATE(C8,12),IF(E8<EDATE(C8,24),IF(C8<SET!$J$20,0,MIN(DATEDIF(C8,E8,"m"),11)),0),IF(D8>C8,IF(E8<=EDATE(C8,12),MIN(DATEDIF(C8,D8+1,"m"),11),0),MIN(DATEDIF(C8,E8,"m"),11)))) -> 0 | H8: 0 | I8: =COUNTIF(P8:BW8,SET!$C$15)*SET!$C$16+COUNTIF(P8:BW8,SET!$D$15)*SET!$D$16+COUNTIF(P8:BW8,SET!E$15)*SET!$E$16+COUNTIF(P8:BW8,SET!$F$15)*SET!$F$16+COUNTIF(P8:BW8,SET!$G$15)*SET!$G$16+COUNTIF(P8:BW8,SET!$H$15)*SET!$H$16+COUNTIF(P8:BW8,SET!$I$15)*SET!$I$16+COUNTIF(P8:BW8,)*SET!$K$16+COUNTIF(P8:BW8,SET!$M$15)*SET!$M$16 -> 16 | J8: =F8+G8+H8-I8 -> 0 | K8: =IF(E8="","",IF(AND(D8>C8,EDATE(IF(EDATE(C8,12)<D8,C8,E8),12)>D8),"퇴직정산",IF((E8-C8)>=365,EDATE(E8,12),EDATE(C8,24)))) -> 45658 | L8: =IF(K8="퇴직정산",J8,IF((M$2-C8)<365,"미확정",IF(M8="유예","유예",J8-M8))) -> 0 | M8: =IF(C8=0,0,IF(K8="퇴직정산",0,IF(J8<=0,0,IF(EDATE(C8,3)>M$2,"유예",IF(SET!$J$3="없음",0,IF(SET!$J$3="전부",IF(E8>=DATE(YEAR(SET!$I$11),MONTH(SET!$J$11),DAY(SET!$L$11)),MAX(0,F8-IF(I8<(G8+H8),0,(I8-(G8+H8)))),0),IF(E8>=DATE(YEAR(SET!$I$11),MONTH(SET!$J$11),DAY(SET!$L$11)),MAX(0,MIN(F8,SET!$L$3)-IF(I8<(G8+H8),0,(I8-(G8+H8)))),0))))))) -> 0 | N8: =IF(D8=0,IF(M8>0,IF((E8-C8)>=365,EDATE(E8,6),EDATE(K8,-6)),""),"") | O8: =IF(D8=0,IF(M8>0,IF((E8-C8)>=365,EDATE(E8,10),EDATE(K8,-2)),""),"") | P8: 연차 | Q8: 연차 | R8: 연차 | S8: 연차 | T8: 연차 | U8: 연차 | V8: 연차 | W8: 연차 | X8: 연차 | Y8: 연차 | Z8: 연차 | AA8: 연차 | AB8: 연차 | AC8: 연차 | AD8: 연차 | AE8: 연차
P9: 45327 | Q9: 45328 | R9: 45329 | S9: 45330 | T9: 45369 | U9: 45370 | V9: 45371 | W9: 45372 | X9: 45373 | Y9: 45432 | Z9: 45433 | AA9: 45434 | AB9: 45435 | AC9: 45436 | AD9: 45509 | AE9: 45510
A10: 3병동 | B10: RN 김규리 | C10: 44928 | D10: 45659 | E10: =IF(DATEDIF(C10,M$2,"m")<1,"",IF(C10=0,"",IF(EDATE(C10,12)<IF($D10>0,$D10-1,M$2),EDATE(C10,DATEDIF(C10,IF($D10>0,$D10-1,M$2+1),"y")*12),EDATE(C10,DATEDIF(C10,IF($D10>0,$D10-1,M$2+1),"m"))))) -> 45293 | F10: =IF(E10="",0,IF(EDATE(C10,12)<=E10,15+IF((YEAR(E10)-YEAR($C10))>20,10,INT((YEAR(E10)-YEAR($C10)-1)/2)),0)) -> 15 | G10: =IF(E10="",0,IF(E10>=EDATE(C10,12),IF(E10<EDATE(C10,24),IF(C10<SET!$J$20,0,MIN(DATEDIF(C10,E10,"m"),11)),0),IF(D10>C10,IF(E10<=EDATE(C10,12),MIN(DATEDIF(C10,D10+1,"m"),11),0),MIN(DATEDIF(C10,E10,"m"),11)))) -> 11 | I10: =COUNTIF(P10:BW10,SET!$C$15)*SET!$C$16+COUNTIF(P10:BW10,SET!$D$15)*SET!$D$16+COUNTIF(P10:BW10,SET!E$15)*SET!$E$16+COUNTIF(P10:BW10,SET!$F$15)*SET!$F$16+COUNTIF(P10:BW10,SET!$G$15)*SET!$G$16+COUNTIF(P10:BW10,SET!$H$15)*SET!$H$16+COUNTIF(P10:BW10,SET!$I$15)*SET!$I$16+COUNTIF(P10:BW10,)*SET!$K$16+COUNTIF(P10:BW10,SET!$M$15)*SET!$M$16 -> 25 | J10: =F10+G10+H10-I10 -> 1 | K10: =IF(E10="","",IF(AND(D10>C10,EDATE(IF(EDATE(C10,12)<D10,C10,E10),12)>D10),"퇴직정산",IF((E10-C10)>=365,EDATE(E10,12),EDATE(C10,24)))) -> 45659 | L10: =IF(K10="퇴직정산",J10,IF((M$2-C10)<365,"미확정",IF(M10="유예","유예",J10-M10))) -> 1 | M10: =IF(C10=0,0,IF(K10="퇴직정산",0,IF(J10<=0,0,IF(EDATE(C10,3)>M$2,"유예",IF(SET!$J$3="없음",0,IF(SET!$J$3="전부",IF(E10>=DATE(YEAR(SET!$I$11),MONTH(SET!$J$11),DAY(SET!$L$11)),MAX(0,F10-IF(I10<(G10+H10),0,(I10-(G10+H10)))),0),IF(E10>=DATE(YEAR(SET!$I$11),MONTH(SET!$J$11),DAY(SET!$L$11)),MAX(0,MIN(F10,SET!$L$3)-IF(I10<(G10+H10),0,(I10-(G10+H10)))),0))))))) -> 0 | N10: =IF(D10=0,IF(M10>0,IF((E10-C10)>=365,EDATE(E10,6),EDATE(K10,-6)),""),"") | O10: =IF(D10=0,IF(M10>0,IF((E10-C10)>=365,EDATE(E10,10),EDATE(K10,-2)),""),"") | P10: 연차 | Q10: 연차 | R10: 연차 | S10: 연차 | T10: 연차 | U10: 연차 | V10: 연차 | W10: 연차 | X10: 연차 | Y10: 연차 | Z10: 연차 | AA10: 연차 | AB10: 연차 | AC10: 연차 | AD10: 연차 | AE10: 연차 | AF10: 연차 | AG10: 연차 | AH10: 연차 | AI10: 연차 | AJ10: 연차 | AK10: 연차 | AL10: 연차 | AM10: 연차 | AN10: 연차
P11: 45099 | Q11: 45141 | R11: 45142 | S11: 45235 | T11: 45252 | U11: 45253 | V11: 45254 | W11: 45292 | X11: 45293 | Y11: 45333 | Z11: 45356 | AA11: 45383 | AB11: 45384 | AC11: 45407 | AD11: 45446 | AE11: 45481 | AF11: 45482 | AG11: 45493 | AH11: 45494 | AI11: 45509 | AJ11: 45510 | AK11: 45525 | AL11: 45526 | AM11: 45598 | AN11: 45626
A12: 5A병동 | B12: RN 사공금옥 | C12: 43467 | D12: 45659 | E12: =IF(DATEDIF(C12,M$2,"m")<1,"",IF(C12=0,"",IF(EDATE(C12,12)<IF($D12>0,$D12-1,M$2),EDATE(C12,DATEDIF(C12,IF($D12>0,$D12-1,M$2+1),"y")*12),EDATE(C12,DATEDIF(C12,IF($D12>0,$D12-1,M$2+1),"m"))))) -> 45293 | F12: =IF(E12="",0,IF(EDATE(C12,12)<=E12,15+IF((YEAR(E12)-YEAR($C12))>20,10,INT((YEAR(E12)-YEAR($C12)-1)/2)),0)) -> 17 | G12: =IF(E12="",0,IF(E12>=EDATE(C12,12),IF(E12<EDATE(C12,24),IF(C12<SET!$J$20,0,MIN(DATEDIF(C12,E12,"m"),11)),0),IF(D12>C12,IF(E12<=EDATE(C12,12),MIN(DATEDIF(C12,D12+1,"m"),11),0),MIN(DATEDIF(C12,E12,"m"),11)))) -> 0 | H12: 9 | I12: =COUNTIF(P12:BW12,SET!$C$15)*SET!$C$16+COUNTIF(P12:BW12,SET!$D$15)*SET!$D$16+COUNTIF(P12:BW12,SET!E$15)*SET!$E$16+COUNTIF(P12:BW12,SET!$F$15)*SET!$F$16+COUNTIF(P12:BW12,SET!$G$15)*SET!$G$16+COUNTIF(P12:BW12,SET!$H$15)*SET!$H$16+COUNTIF(P12:BW12,SET!$I$15)*SET!$I$16+COUNTIF(P12:BW12,)*SET!$K$16+COUNTIF(P12:BW12,SET!$M$15)*SET!$M$16 -> 20 | J12: =F12+G12+H12-I12 -> 6 | K12: =IF(E12="","",IF(AND(D12>C12,EDATE(IF(EDATE(C12,12)<D12,C12,E12),12)>D12),"퇴직정산",IF((E12-C12)>=365,EDATE(E12,12),EDATE(C12,24)))) -> 45659 | L12: =IF(K12="퇴직정산",J12,IF((M$2-C12)<365,"미확정",IF(M12="유예","유예",J12-M12))) -> 6 | M12: =IF(C12=0,0,IF(K12="퇴직정산",0,IF(J12<=0,0,IF(EDATE(C12,3)>M$2,"유예",IF(SET!$J$3="없음",0,IF(SET!$J$3="전부",IF(E12>=DATE(YEAR(SET!$I$11),MONTH(SET!$J$11),DAY(SET!$L$11)),MAX(0,F12-IF(I12<(G12+H12),0,(I12-(G12+H12)))),0),IF(E12>=DATE(YEAR(SET!$I$11),MONTH(SET!$J$11),DAY(SET!$L$11)),MAX(0,MIN(F12,SET!$L$3)-IF(I12<(G12+H12),0,(I12-(G12+H12)))),0))))))) -> 0 | N12: =IF(D12=0,IF(M12>0,IF((E12-C12)>=365,EDATE(E12,6),EDATE(K12,-6)),""),"") | O12: =IF(D12=0,IF(M12>0,IF((E12-C12)>=365,EDATE(E12,10),EDATE(K12,-2)),""),"") | P12: 연차 | Q12: 연차 | R12: 연차 | S12: 연차 | T12: 연차 | U12: 연차 | V12: 연차 | W12: 연차 | X12: 연차 | Y12: 연차 | Z12: 연차 | AA12: 연차 | AB12: 연차 | AC12: 연차 | AD12: 연차 | AE12: 연차 | AF12: 연차 | AG12: 연차 | AH12: 연차 | AI12: 연차
P13: 45516 | Q13: 45517 | R13: 45518 | S13: 45520 | T13: 45523 | U13: 45524 | V13: 45525 | W13: 45526 | X13: 45527 | Y13: 45530 | Z13: 45531 | AA13: 45532 | AB13: 45533 | AC13: 45534 | AD13: 45560 | AE13: 45562 | AF13: 45565 | AG13: 45576 | AH13: 45593 | AI13: 45618
A14: 수술실 | B14: CN 김혜란 | C14: 43102 | D14: 45659 | E14: =IF(DATEDIF(C14,M$2,"m")<1,"",IF(C14=0,"",IF(EDATE(C14,12)<IF($D14>0,$D14-1,M$2),EDATE(C14,DATEDIF(C14,IF($D14>0,$D14-1,M$2+1),"y")*12),EDATE(C14,DATEDIF(C14,IF($D14>0,$D14-1,M$2+1),"m"))))) -> 45293 | F14: =IF(E14="",0,IF(EDATE(C14,12)<=E14,15+IF((YEAR(E14)-YEAR($C14))>20,10,INT((YEAR(E14)-YEAR($C14)-1)/2)),0)) -> 17 | G14: =IF(E14="",0,IF(E14>=EDATE(C14,12),IF(E14<EDATE(C14,24),IF(C14<SET!$J$20,0,MIN(DATEDIF(C14,E14,"m"),11)),0),IF(D14>C14,IF(E14<=EDATE(C14,12),MIN(DATEDIF(C14,D14+1,"m"),11),0),MIN(DATEDIF(C14,E14,"m"),11)))) -> 0 | H14: 4 | I14: =COUNTIF(P14:BW14,SET!$C$15)*SET!$C$16+COUNTIF(P14:BW14,SET!$D$15)*SET!$D$16+COUNTIF(P14:BW14,SET!E$15)*SET!$E$16+COUNTIF(P14:BW14,SET!$F$15)*SET!$F$16+COUNTIF(P14:BW14,SET!$G$15)*SET!$G$16+COUNTIF(P14:BW14,SET!$H$15)*SET!$H$16+COUNTIF(P14:BW14,SET!$I$15)*SET!$I$16+COUNTIF(P14:BW14,)*SET!$K$16+COUNTIF(P14:BW14,SET!$M$15)*SET!$M$16 -> 19.5 | J14: =F14+G14+H14-I14 -> 1.5 | K14: =IF(E14="","",IF(AND(D14>C14,EDATE(IF(EDATE(C14,12)<D14,C14,E14),12)>D14),"퇴직정산",IF((E14-C14)>=365,EDATE(E14,12),EDATE(C14,24)))) -> 45659 | L14: =IF(K14="퇴직정산",J14,IF((M$2-C14)<365,"미확정",IF(M14="유예","유예",J14-M14))) -> 1.5 | M14: =IF(C14=0,0,IF(K14="퇴직정산",0,IF(J14<=0,0,IF(EDATE(C14,3)>M$2,"유예",IF(SET!$J$3="없음",0,IF(SET!$J$3="전부",IF(E14>=DATE(YEAR(SET!$I$11),MONTH(SET!$J$11),DAY(SET!$L$11)),MAX(0,F14-IF(I14<(G14+H14),0,(I14-(G14+H14)))),0),IF(E14>=DATE(YEAR(SET!$I$11),MONTH(SET!$J$11),DAY(SET!$L$11)),MAX(0,MIN(F14,SET!$L$3)-IF(I14<(G14+H14),0,(I14-(G14+H14)))),0))))))) -> 0 | N14: =IF(D14=0,IF(M14>0,IF((E14-C14)>=365,EDATE(E14,6),EDATE(K14,-6)),""),"") | O14: =IF(D14=0,IF(M14>0,IF((E14-C14)>=365,EDATE(E14,10),EDATE(K14,-2)),""),"") | P14: 연차 | Q14: 연차 | R14: 연차 | S14: 반차 | T14: 반차 | U14: 반차 | V14: 반차 | W14: 연차 | X14: 연차 | Y14: 반차 | Z14: 반차 | AA14: 연차 | AB14: 연차 | AC14: 연차 | AD14: 연차 | AE14: 반차 | AF14: 연차 | AG14: 반차 | AH14: 반차 | AI14: 연차 | AJ14: 연차 | AK14: 반차 | AL14: 반차 | AM14: 반차 | AN14: 반차 | AO14: 연차
P15: 45261 | Q15: 45273 | R15: 45278 | S15: 45341 | T15: 45350 | U15: 45355 | V15: 45400 | W15: 45457 | X15: 45462 | Y15: 45470 | Z15: 45477 | AA15: 45497 | AB15: 45498 | AC15: 45499 | AD15: 45502 | AE15: 45520 | AF15: 45527 | AG15: 45539 | AH15: 45546 | AI15: 45559 | AJ15: 45560 | AK15: 45579 | AL15: 45597 | AM15: 45600 | AN15: 45601 | AO15: 45618
A16: 5B병동 | B16: RN 배랑경 | C16: 43836 | D16: 45663 | E16: =IF(DATEDIF(C16,M$2,"m")<1,"",IF(C16=0,"",IF(EDATE(C16,12)<IF($D16>0,$D16-1,M$2),EDATE(C16,DATEDIF(C16,IF($D16>0,$D16-1,M$2+1),"y")*12),EDATE(C16,DATEDIF(C16,IF($D16>0,$D16-1,M$2+1),"m"))))) -> 45297 | F16: =IF(E16="",0,IF(EDATE(C16,12)<=E16,15+IF((YEAR(E16)-YEAR($C16))>20,10,INT((YEAR(E16)-YEAR($C16)-1)/2)),0)) -> 16 | G16: =IF(E16="",0,IF(E16>=EDATE(C16,12),IF(E16<EDATE(C16,24),IF(C16<SET!$J$20,0,MIN(DATEDIF(C16,E16,"m"),11)),0),IF(D16>C16,IF(E16<=EDATE(C16,12),MIN(DATEDIF(C16,D16+1,"m"),11),0),MIN(DATEDIF(C16,E16,"m"),11)))) -> 0 | H16: 0.5 | I16: =COUNTIF(P16:BW16,SET!$C$15)*SET!$C$16+COUNTIF(P16:BW16,SET!$D$15)*SET!$D$16+COUNTIF(P16:BW16,SET!E$15)*SET!$E$16+COUNTIF(P16:BW16,SET!$F$15)*SET!$F$16+COUNTIF(P16:BW16,SET!$G$15)*SET!$G$16+COUNTIF(P16:BW16,SET!$H$15)*SET!$H$16+COUNTIF(P16:BW16,SET!$I$15)*SET!$I$16+COUNTIF(P16:BW16,)*SET!$K$16+COUNTIF(P16:BW16,SET!$M$15)*SET!$M$16 -> 12.5 | J16: =F16+G16+H16-I16 -> 4 | K16: =IF(E16="","",IF(AND(D16>C16,EDATE(IF(EDATE(C16,12)<D16,C16,E16),12)>D16),"퇴직정산",IF((E16-C16)>=365,EDATE(E16,12),EDATE(C16,24)))) -> 45663 | L16: =IF(K16="퇴직정산",J16,IF((M$2-C16)<365,"미확정",IF(M16="유예","유예",J16-M16))) -> 4 | M16: =IF(C16=0,0,IF(K16="퇴직정산",0,IF(J16<=0,0,IF(EDATE(C16,3)>M$2,"유예",IF(SET!$J$3="없음",0,IF(SET!$J$3="전부",IF(E16>=DATE(YEAR(SET!$I$11),MONTH(SET!$J$11),DAY(SET!$L$11)),MAX(0,F16-IF(I16<(G16+H16),0,(I16-(G16+H16)))),0),IF(E16>=DATE(YEAR(SET!$I$11),MONTH(SET!$J$11),DAY(SET!$L$11)),MAX(0,MIN(F16,SET!$L$3)-IF(I16<(G16+H16),0,(I16-(G16+H16)))),0))))))) -> 0 | N16: =IF(D16=0,IF(M16>0,IF((E16-C16)>=365,EDATE(E16,6),EDATE(K16,-6)),""),"") | O16: =IF(D16=0,IF(M16>0,IF((E16-C16)>=365,EDATE(E16,10),EDATE(K16,-2)),""),"") | P16: 반차 | Q16: 연차 | R16: 연차 | S16: 연차 | T16: 연차 | U16: 반차 | V16: 반차 | W16: 연차 | X16: 연차 | Y16: 연차 | Z16: 연차 | AA16: 연차 | AB16: 연차 | AC16: 연차
P17: 45293 | Q17: 45294 | R17: 45295 | S17: 45341 | T17: 45364 | U17: 45450 | V17: 45496 | W17: 45497 | X17: 45504 | Y17: 45513 | Z17: 45520 | AA17: 45521 | AB17: 45561 | AC17: 45603
A18: 환자안전 관리팀장 | B18: 이윤임 | C18: 43108 | D18: 45665 | E18: =IF(DATEDIF(C18,M$2,"m")<1,"",IF(C18=0,"",IF(EDATE(C18,12)<IF($D18>0,$D18-1,M$2),EDATE(C18,DATEDIF(C18,IF($D18>0,$D18-1,M$2+1),"y")*12),EDATE(C18,DATEDIF(C18,IF($D18>0,$D18-1,M$2+1),"m"))))) -> 45299 | F18: =IF(E18="",0,IF(EDATE(C18,12)<=E18,15+IF((YEAR(E18)-YEAR($C18))>20,10,INT((YEAR(E18)-YEAR($C18)-1)/2)),0)) -> 17 | G18: =IF(E18="",0,IF(E18>=EDATE(C18,12),IF(E18<EDATE(C18,24),IF(C18<SET!$J$20,0,MIN(DATEDIF(C18,E18,"m"),11)),0),IF(D18>C18,IF(E18<=EDATE(C18,12),MIN(DATEDIF(C18,D18+1,"m"),11),0),MIN(DATEDIF(C18,E18,"m"),11)))) -> 0 | H18: 0 | I18: =COUNTIF(P18:BW18,SET!$C$15)*SET!$C$16+COUNTIF(P18:BW18,SET!$D$15)*SET!$D$16+COUNTIF(P18:BW18,SET!E$15)*SET!$E$16+COUNTIF(P18:BW18,SET!$F$15)*SET!$F$16+COUNTIF(P18:BW18,SET!$G$15)*SET!$G$16+COUNTIF(P18:BW18,SET!$H$15)*SET!$H$16+COUNTIF(P18:BW18,SET!$I$15)*SET!$I$16+COUNTIF(P18:BW18,)*SET!$K$16+COUNTIF(P18:BW18,SET!$M$15)*SET!$M$16 -> 16.5 | J18: =F18+G18+H18-I18 -> 0.5 | K18: =IF(E18="","",IF(AND(D18>C18,EDATE(IF(EDATE(C18,12)<D18,C18,E18),12)>D18),"퇴직정산",IF((E18-C18)>=365,EDATE(E18,12),EDATE(C18,24)))) -> 45665 | L18: =IF(K18="퇴직정산",J18,IF((M$2-C18)<365,"미확정",IF(M18="유예","유예",J18-M18))) -> 0.5 | M18: =IF(C18=0,0,IF(K18="퇴직정산",0,IF(J18<=0,0,IF(EDATE(C18,3)>M$2,"유예",IF(SET!$J$3="없음",0,IF(SET!$J$3="전부",IF(E18>=DATE(YEAR(SET!$I$11),MONTH(SET!$J$11),DAY(SET!$L$11)),MAX(0,F18-IF(I18<(G18+H18),0,(I18-(G18+H18)))),0),IF(E18>=DATE(YEAR(SET!$I$11),MONTH(SET!$J$11),DAY(SET!$L$11)),MAX(0,MIN(F18,SET!$L$3)-IF(I18<(G18+H18),0,(I18-(G18+H18)))),0))))))) -> 0 | N18: =IF(D18=0,IF(M18>0,IF((E18-C18)>=365,EDATE(E18,6),EDATE(K18,-6)),""),"") | O18: =IF(D18=0,IF(M18>0,IF((E18-C18)>=365,EDATE(E18,10),EDATE(K18,-2)),""),"") | P18: 반차 | Q18: 반차 | R18: 연차 | S18: 연차 | T18: 연차 | U18: 반차 | V18: 반차 | W18: 연차 | X18: 연차 | Y18: 반차 | Z18: 연차 | AA18: 반차 | AB18: 반차 | AC18: 연차 | AD18: 반차 | AE18: 연차 | AF18: 연차 | AG18: 반차 | AH18: 반차 | AI18: 연차 | AJ18: 연차 | AK18: 반차
P19: 45379 | Q19: 45380 | R19: 45399 | S19: 45400 | T19: 45411 | U19: 45429 | V19: 45434 | W19: 45442 | X19: 45455 | Y19: 45477 | Z19: 45478 | AA19: 45485 | AB19: 45496 | AC19: 45545 | AD19: 45547 | AE19: 45548 | AF19: 45567 | AG19: 45579 | AH19: 45582 | AI19: 45610 | AJ19: 45611 | AK19: 45623
A20: 물리치료 | B20: 김난아 | C20: 43108 | D20: 45665 | E20: =IF(DATEDIF(C20,M$2,"m")<1,"",IF(C20=0,"",IF(EDATE(C20,12)<IF($D20>0,$D20-1,M$2),EDATE(C20,DATEDIF(C20,IF($D20>0,$D20-1,M$2+1),"y")*12),EDATE(C20,DATEDIF(C20,IF($D20>0,$D20-1,M$2+1),"m"))))) -> 45299 | F20: =IF(E20="",0,IF(EDATE(C20,12)<=E20,15+IF((YEAR(E20)-YEAR($C20))>20,10,INT((YEAR(E20)-YEAR($C20)-1)/2)),0)) -> 17 | G20: =IF(E20="",0,IF(E20>=EDATE(C20,12),IF(E20<EDATE(C20,24),IF(C20<SET!$J$20,0,MIN(DATEDIF(C20,E20,"m"),11)),0),IF(D20>C20,IF(E20<=EDATE(C20,12),MIN(DATEDIF(C20,D20+1,"m"),11),0),MIN(DATEDIF(C20,E20,"m"),11)))) -> 0 | H20: 5.5 | I20: =COUNTIF(P20:BW20,SET!$C$15)*SET!$C$16+COUNTIF(P20:BW20,SET!$D$15)*SET!$D$16+COUNTIF(P20:BW20,SET!E$15)*SET!$E$16+COUNTIF(P20:BW20,SET!$F$15)*SET!$F$16+COUNTIF(P20:BW20,SET!$G$15)*SET!$G$16+COUNTIF(P20:BW20,SET!$H$15)*SET!$H$16+COUNTIF(P20:BW20,SET!$I$15)*SET!$I$16+COUNTIF(P20:BW20,)*SET!$K$16+COUNTIF(P20:BW20,SET!$M$15)*SET!$M$16 -> 22.5 | J20: =F20+G20+H20-I20 -> 0 | K20: =IF(E20="","",IF(AND(D20>C20,EDATE(IF(EDATE(C20,12)<D20,C20,E20),12)>D20),"퇴직정산",IF((E20-C20)>=365,EDATE(E20,12),EDATE(C20,24)))) -> 45665 | L20: =IF(K20="퇴직정산",J20,IF((M$2-C20)<365,"미확정",IF(M20="유예","유예",J20-M20))) -> 0 | M20: =IF(C20=0,0,IF(K20="퇴직정산",0,IF(J20<=0,0,IF(EDATE(C20,3)>M$2,"유예",IF(SET!$J$3="없음",0,IF(SET!$J$3="전부",IF(E20>=DATE(YEAR(SET!$I$11),MONTH(SET!$J$11),DAY(SET!$L$11)),MAX(0,F20-IF(I20<(G20+H20),0,(I20-(G20+H20)))),0),IF(E20>=DATE(YEAR(SET!$I$11),MONTH(SET!$J$11),DAY(SET!$L$11)),MAX(0,MIN(F20,SET!$L$3)-IF(I20<(G20+H20),0,(I20-(G20+H20)))),0))))))) -> 0 | N20: =IF(D20=0,IF(M20>0,IF((E20-C20)>=365,EDATE(E20,6),EDATE(K20,-6)),""),"") | O20: =IF(D20=0,IF(M20>0,IF((E20-C20)>=365,EDATE(E20,10),EDATE(K20,-2)),""),"") | P20: 연차 | Q20: 연차 | R20: 연차 | S20: 반차 | T20: 반차 | U20: 반차 | V20: 연차 | W20: 반차 | X20: 반차 | Y20: 반차 | Z20: 반차 | AA20: 반차 | AB20: 반차 | AC20: 반차 | AD20: 반차 | AE20: 반차 | AF20: 반차 | AG20: 반차 | AH20: 반차 | AI20: 반차 | AJ20: 반차 | AK20: 연차 | AL20: 연차 | AM20: 연차 | AN20: 연차 | AO20: 연차 | AP20: 연차 | AQ20: 연차 | AR20: 연차 | AS20: 연차 | AT20: 연차
P21: 45266 | Q21: 45273 | R21: 45282 | S21: 45288 | T21: 45293 | U21: 45295 | V21: 45296 | W21: 45323 | X21: 45336 | Y21: 45345 | Z21: 45351 | AA21: 45355 | AB21: 45356 | AC21: 45357 | AD21: 45358 | AE21: 45359 | AF21: 45362 | AG21: 45363 | AH21: 45364 | AI21: 45365 | AJ21: 45366 | AK21: 45369 | AL21: 45370 | AM21: 45371 | AN21: 45372 | AO21: 45373 | AP21: 45376 | AQ21: 45377 | AR21: 45378 | AS21: 45379 | AT21: 45380
A22: 원무과 | B22: 박수민 | C22: 44571 | D22: 45667 | E22: =IF(DATEDIF(C22,M$2,"m")<1,"",IF(C22=0,"",IF(EDATE(C22,12)<IF($D22>0,$D22-1,M$2),EDATE(C22,DATEDIF(C22,IF($D22>0,$D22-1,M$2+1),"y")*12),EDATE(C22,DATEDIF(C22,IF($D22>0,$D22-1,M$2+1),"m"))))) -> 45301 | F22: =IF(E22="",0,IF(EDATE(C22,12)<=E22,15+IF((YEAR(E22)-YEAR($C22))>20,10,INT((YEAR(E22)-YEAR($C22)-1)/2)),0)) -> 15 | G22: =IF(E22="",0,IF(E22>=EDATE(C22,12),IF(E22<EDATE(C22,24),IF(C22<SET!$J$20,0,MIN(DATEDIF(C22,E22,"m"),11)),0),IF(D22>C22,IF(E22<=EDATE(C22,12),MIN(DATEDIF(C22,D22+1,"m"),11),0),MIN(DATEDIF(C22,E22,"m"),11)))) -> 0 | H22: 3 | I22: =COUNTIF(P22:BW22,SET!$C$15)*SET!$C$16+COUNTIF(P22:BW22,SET!$D$15)*SET!$D$16+COUNTIF(P22:BW22,SET!E$15)*SET!$E$16+COUNTIF(P22:BW22,SET!$F$15)*SET!$F$16+COUNTIF(P22:BW22,SET!$G$15)*SET!$G$16+COUNTIF(P22:BW22,SET!$H$15)*SET!$H$16+COUNTIF(P22:BW22,SET!$I$15)*SET!$I$16+COUNTIF(P22:BW22,)*SET!$K$16+COUNTIF(P22:BW22,SET!$M$15)*SET!$M$16 -> 16 | J22: =F22+G22+H22-I22 -> 2 | K22: =IF(E22="","",IF(AND(D22>C22,EDATE(IF(EDATE(C22,12)<D22,C22,E22),12)>D22),"퇴직정산",IF((E22-C22)>=365,EDATE(E22,12),EDATE(C22,24)))) -> 45667 | L22: =IF(K22="퇴직정산",J22,IF((M$2-C22)<365,"미확정",IF(M22="유예","유예",J22-M22))) -> 2 | M22: =IF(C22=0,0,IF(K22="퇴직정산",0,IF(J22<=0,0,IF(EDATE(C22,3)>M$2,"유예",IF(SET!$J$3="없음",0,IF(SET!$J$3="전부",IF(E22>=DATE(YEAR(SET!$I$11),MONTH(SET!$J$11),DAY(SET!$L$11)),MAX(0,F22-IF(I22<(G22+H22),0,(I22-(G22+H22)))),0),IF(E22>=DATE(YEAR(SET!$I$11),MONTH(SET!$J$11),DAY(SET!$L$11)),MAX(0,MIN(F22,SET!$L$3)-IF(I22<(G22+H22),0,(I22-(G22+H22)))),0))))))) -> 0 | N22: =IF(D22=0,IF(M22>0,IF((E22-C22)>=365,EDATE(E22,6),EDATE(K22,-6)),""),"") | O22: =IF(D22=0,IF(M22>0,IF((E22-C22)>=365,EDATE(E22,10),EDATE(K22,-2)),""),"") | P22: 반차 | Q22: 반차 | R22: 연차 | S22: 반차 | T22: 반차 | U22: 연차 | V22: 반차 | W22: 반차 | X22: 반차 | Y22: 반차 | Z22: 연차 | AA22: 반차 | AB22: 반차 | AC22: 반차 | AD22: 연차 | AE22: 반차 | AF22: 연차 | AG22: 반차 | AH22: 반차 | AI22: 반차 | AJ22: 반차 | AK22: 반차 | AL22: 반차 | AM22: 반차 | AN22: 연차 | AO22: 반차
P23: 45265 | Q23: 45282 | R23: 45287 | S23: 45288 | T23: 45299 | U23: 45317 | V23: 45359 | W23: 45366 | X23: 45401 | Y23: 45450 | Z23: 45462 | AA23: 45471 | AB23: 45497 | AC23: 45511 | AD23: 45512 | AE23: 45526 | AF23: 45527 | AG23: 45537 | AH23: 45560 | AI23: 45561 | AJ23: 45579 | AK23: 45589 | AL23: 45603 | AM23: 45609 | AN23: 45625 | AO23: 45631
A24: 5B병동 | B24: 병동지원 서관교 | C24: 44207 | D24: 45668 | E24: =IF(DATEDIF(C24,M$2,"m")<1,"",IF(C24=0,"",IF(EDATE(C24,12)<IF($D24>0,$D24-1,M$2),EDATE(C24,DATEDIF(C24,IF($D24>0,$D24-1,M$2+1),"y")*12),EDATE(C24,DATEDIF(C24,IF($D24>0,$D24-1,M$2+1),"m"))))) -> 45302 | F24: =IF(E24="",0,IF(EDATE(C24,12)<=E24,15+IF((YEAR(E24)-YEAR($C24))>20,10,INT((YEAR(E24)-YEAR($C24)-1)/2)),0)) -> 16 | G24: =IF(E24="",0,IF(E24>=EDATE(C24,12),IF(E24<EDATE(C24,24),IF(C24<SET!$J$20,0,MIN(DATEDIF(C24,E24,"m"),11)),0),IF(D24>C24,IF(E24<=EDATE(C24,12),MIN(DATEDIF(C24,D24+1,"m"),11),0),MIN(DATEDIF(C24,E24,"m"),11)))) -> 0 | H24: 3 | I24: =COUNTIF(P24:BW24,SET!$C$15)*SET!$C$16+COUNTIF(P24:BW24,SET!$D$15)*SET!$D$16+COUNTIF(P24:BW24,SET!E$15)*SET!$E$16+COUNTIF(P24:BW24,SET!$F$15)*SET!$F$16+COUNTIF(P24:BW24,SET!$G$15)*SET!$G$16+COUNTIF(P24:BW24,SET!$H$15)*SET!$H$16+COUNTIF(P24:BW24,SET!$I$15)*SET!$I$16+COUNTIF(P24:BW24,)*SET!$K$16+COUNTIF(P24:BW24,SET!$M$15)*SET!$M$16 -> 12 | J24: =F24+G24+H24-I24 -> 7 | K24: =IF(E24="","",IF(AND(D24>C24,EDATE(IF(EDATE(C24,12)<D24,C24,E24),12)>D24),"퇴직정산",IF((E24-C24)>=365,EDATE(E24,12),EDATE(C24,24)))) -> 45668 | L24: =IF(K24="퇴직정산",J24,IF((M$2-C24)<365,"미확정",IF(M24="유예","유예",J24-M24))) -> 7 | M24: =IF(C24=0,0,IF(K24="퇴직정산",0,IF(J24<=0,0,IF(EDATE(C24,3)>M$2,"유예",IF(SET!$J$3="없음",0,IF(SET!$J$3="전부",IF(E24>=DATE(YEAR(SET!$I$11),MONTH(SET!$J$11),DAY(SET!$L$11)),MAX(0,F24-IF(I24<(G24+H24),0,(I24-(G24+H24)))),0),IF(E24>=DATE(YEAR(SET!$I$11),MONTH(SET!$J$11),DAY(SET!$L$11)),MAX(0,MIN(F24,SET!$L$3)-IF(I24<(G24+H24),0,(I24-(G24+H24)))),0))))))) -> 0 | N24: =IF(D24=0,IF(M24>0,IF((E24-C24)>=365,EDATE(E24,6),EDATE(K24,-6)),""),"") | O24: =IF(D24=0,IF(M24>0,IF((E24-C24)>=365,EDATE(E24,10),EDATE(K24,-2)),""),"") | P24: 연차 | Q24: 연차 | R24: 연차 | S24: 연차 | T24: 연차 | U24: 연차 | V24: 연차 | W24: 연차 | X24: 연차 | Y24: 연차 | Z24: 연차 | AA24: 연차
P25: 45267 | Q25: 45268 | R25: 45348 | S25: 45386 | T25: 45453 | U25: 45454 | V25: 45488 | W25: 45509 | X25: 45545 | Y25: 45560 | Z25: 45572 | AA25: 45608
A26: 5A병동 | B26: AN 이정숙 | C26: 43844 | D26: 45671 | E26: =IF(DATEDIF(C26,M$2,"m")<1,"",IF(C26=0,"",IF(EDATE(C26,12)<IF($D26>0,$D26-1,M$2),EDATE(C26,DATEDIF(C26,IF($D26>0,$D26-1,M$2+1),"y")*12),EDATE(C26,DATEDIF(C26,IF($D26>0,$D26-1,M$2+1),"m"))))) -> 45305 | F26: =IF(E26="",0,IF(EDATE(C26,12)<=E26,15+IF((YEAR(E26)-YEAR($C26))>20,10,INT((YEAR(E26)-YEAR($C26)-1)/2)),0)) -> 16 | G26: =IF(E26="",0,IF(E26>=EDATE(C26,12),IF(E26<EDATE(C26,24),IF(C26<SET!$J$20,0,MIN(DATEDIF(C26,E26,"m"),11)),0),IF(D26>C26,IF(E26<=EDATE(C26,12),MIN(DATEDIF(C26,D26+1,"m"),11),0),MIN(DATEDIF(C26,E26,"m"),11)))) -> 0 | H26: 5 | I26: =COUNTIF(P26:BW26,SET!$C$15)*SET!$C$16+COUNTIF(P26:BW26,SET!$D$15)*SET!$D$16+COUNTIF(P26:BW26,SET!E$15)*SET!$E$16+COUNTIF(P26:BW26,SET!$F$15)*SET!$F$16+COUNTIF(P26:BW26,SET!$G$15)*SET!$G$16+COUNTIF(P26:BW26,SET!$H$15)*SET!$H$16+COUNTIF(P26:BW26,SET!$I$15)*SET!$I$16+COUNTIF(P26:BW26,)*SET!$K$16+COUNTIF(P26:BW26,SET!$M$15)*SET!$M$16 -> 20.5 | J26: =F26+G26+H26-I26 -> 0.5 | K26: =IF(E26="","",IF(AND(D26>C26,EDATE(IF(EDATE(C26,12)<D26,C26,E26),12)>D26),"퇴직정산",IF((E26-C26)>=365,EDATE(E26,12),EDATE(C26,24)))) -> 45671 | L26: =IF(K26="퇴직정산",J26,IF((M$2-C26)<365,"미확정",IF(M26="유예","유예",J26-M26))) -> 0.5 | M26: =IF(C26=0,0,IF(K26="퇴직정산",0,IF(J26<=0,0,IF(EDATE(C26,3)>M$2,"유예",IF(SET!$J$3="없음",0,IF(SET!$J$3="전부",IF(E26>=DATE(YEAR(SET!$I$11),MONTH(SET!$J$11),DAY(SET!$L$11)),MAX(0,F26-IF(I26<(G26+H26),0,(I26-(G26+H26)))),0),IF(E26>=DATE(YEAR(SET!$I$11),MONTH(SET!$J$11),DAY(SET!$L$11)),MAX(0,MIN(F26,SET!$L$3)-IF(I26<(G26+H26),0,(I26-(G26+H26)))),0))))))) -> 0 | N26: =IF(D26=0,IF(M26>0,IF((E26-C26)>=365,EDATE(E26,6),EDATE(K26,-6)),""),"") | O26: =IF(D26=0,IF(M26>0,IF((E26-C26)>=365,EDATE(E26,10),EDATE(K26,-2)),""),"") | P26: 연차 | Q26: 연차 | R26: 연차 | S26: 연차 | T26: 연차 | U26: 연차 | V26: 연차 | W26: 연차 | X26: 연차 | Y26: 연차 | Z26: 연차 | AA26: 연차 | AB26: 연차 | AC26: 연차 | AD26: 연차 | AE26: 반차 | AF26: 연차 | AG26: 연차 | AH26: 연차 | AI26: 연차 | AJ26: 연차
P27: 45270 | Q27: 45290 | R27: 45291 | S27: 45298 | T27: 45299 | U27: 45346 | V27: 45368 | W27: 45403 | X27: 45404 | Y27: 45465 | Z27: 45486 | AA27: 45487 | AB27: 45488 | AC27: 45491 | AD27: 45501 | AE27: 45513 | AF27: 45518 | AG27: 45527 | AH27: 45528 | AI27: 45529 | AJ27: 45651
A28: 물리치료 | B28: 곽은영 | C28: 43479 | D28: 45671 | E28: =IF(DATEDIF(C28,M$2,"m")<1,"",IF(C28=0,"",IF(EDATE(C28,12)<IF($D28>0,$D28-1,M$2),EDATE(C28,DATEDIF(C28,IF($D28>0,$D28-1,M$2+1),"y")*12),EDATE(C28,DATEDIF(C28,IF($D28>0,$D28-1,M$2+1),"m"))))) -> 45305 | F28: =IF(E28="",0,IF(EDATE(C28,12)<=E28,15+IF((YEAR(E28)-YEAR($C28))>20,10,INT((YEAR(E28)-YEAR($C28)-1)/2)),0)) -> 17 | G28: =IF(E28="",0,IF(E28>=EDATE(C28,12),IF(E28<EDATE(C28,24),IF(C28<SET!$J$20,0,MIN(DATEDIF(C28,E28,"m"),11)),0),IF(D28>C28,IF(E28<=EDATE(C28,12),MIN(DATEDIF(C28,D28+1,"m"),11),0),MIN(DATEDIF(C28,E28,"m"),11)))) -> 0 | H28: 0 | I28: =COUNTIF(P28:BW28,SET!$C$15)*SET!$C$16+COUNTIF(P28:BW28,SET!$D$15)*SET!$D$16+COUNTIF(P28:BW28,SET!E$15)*SET!$E$16+COUNTIF(P28:BW28,SET!$F$15)*SET!$F$16+COUNTIF(P28:BW28,SET!$G$15)*SET!$G$16+COUNTIF(P28:BW28,SET!$H$15)*SET!$H$16+COUNTIF(P28:BW28,SET!$I$15)*SET!$I$16+COUNTIF(P28:BW28,)*SET!$K$16+COUNTIF(P28:BW28,SET!$M$15)*SET!$M$16 -> 14 | J28: =F28+G28+H28-I28 -> 3 | K28: =IF(E28="","",IF(AND(D28>C28,EDATE(IF(EDATE(C28,12)<D28,C28,E28),12)>D28),"퇴직정산",IF((E28-C28)>=365,EDATE(E28,12),EDATE(C28,24)))) -> 45671 | L28: =IF(K28="퇴직정산",J28,IF((M$2-C28)<365,"미확정",IF(M28="유예","유예",J28-M28))) -> 3 | M28: =IF(C28=0,0,IF(K28="퇴직정산",0,IF(J28<=0,0,IF(EDATE(C28,3)>M$2,"유예",IF(SET!$J$3="없음",0,IF(SET!$J$3="전부",IF(E28>=DATE(YEAR(SET!$I$11),MONTH(SET!$J$11),DAY(SET!$L$11)),MAX(0,F28-IF(I28<(G28+H28),0,(I28-(G28+H28)))),0),IF(E28>=DATE(YEAR(SET!$I$11),MONTH(SET!$J$11),DAY(SET!$L$11)),MAX(0,MIN(F28,SET!$L$3)-IF(I28<(G28+H28),0,(I28-(G28+H28)))),0))))))) -> 0 | N28: =IF(D28=0,IF(M28>0,IF((E28-C28)>=365,EDATE(E28,6),EDATE(K28,-6)),""),"") | O28: =IF(D28=0,IF(M28>0,IF((E28-C28)>=365,EDATE(E28,10),EDATE(K28,-2)),""),"") | P28: 반차 | Q28: 연차 | R28: 연차 | S28: 연차 | T28: 반차 | U28: 반차 | V28: 반차 | W28: 연차 | X28: 연차 | Y28: 연차 | Z28: 연차 | AA28: 반차 | AB28: 연차 | AC28: 연차 | AD28: 반차 | AE28: 반차 | AF28: 반차 | AG28: 연차
P29: 45436 | Q29: 45474 | R29: 45503 | S29: 45504 | T29: 45523 | U29: 45525 | V29: 45537 | W29: 45554 | X29: 45597 | Y29: 45614 | Z29: 45621 | AA29: 45625 | AB29: 45632 | AC29: 45635 | AD29: 45638 | AE29: 45650 | AF29: 45653 | AG29: 45656
A30: 영상의학과 | B30: 박성현 | C30: 43479 | D30: 45671 | E30: =IF(DATEDIF(C30,M$2,"m")<1,"",IF(C30=0,"",IF(EDATE(C30,12)<IF($D30>0,$D30-1,M$2),EDATE(C30,DATEDIF(C30,IF($D30>0,$D30-1,M$2+1),"y")*12),EDATE(C30,DATEDIF(C30,IF($D30>0,$D30-1,M$2+1),"m"))))) -> 45305 | F30: =IF(E30="",0,IF(EDATE(C30,12)<=E30,15+IF((YEAR(E30)-YEAR($C30))>20,10,INT((YEAR(E30)-YEAR($C30)-1)/2)),0)) -> 17 | G30: =IF(E30="",0,IF(E30>=EDATE(C30,12),IF(E30<EDATE(C30,24),IF(C30<SET!$J$20,0,MIN(DATEDIF(C30,E30,"m"),11)),0),IF(D30>C30,IF(E30<=EDATE(C30,12),MIN(DATEDIF(C30,D30+1,"m"),11),0),MIN(DATEDIF(C30,E30,"m"),11)))) -> 0 | H30: 0 | I30: =COUNTIF(P30:BW30,SET!$C$15)*SET!$C$16+COUNTIF(P30:BW30,SET!$D$15)*SET!$D$16+COUNTIF(P30:BW30,SET!E$15)*SET!$E$16+COUNTIF(P30:BW30,SET!$F$15)*SET!$F$16+COUNTIF(P30:BW30,SET!$G$15)*SET!$G$16+COUNTIF(P30:BW30,SET!$H$15)*SET!$H$16+COUNTIF(P30:BW30,SET!$I$15)*SET!$I$16+COUNTIF(P30:BW30,)*SET!$K$16+COUNTIF(P30:BW30,SET!$M$15)*SET!$M$16 -> 9 | J30: =F30+G30+H30-I30 -> 8 | K30: =IF(E30="","",IF(AND(D30>C30,EDATE(IF(EDATE(C30,12)<D30,C30,E30),12)>D30),"퇴직정산",IF((E30-C30)>=365,EDATE(E30,12),EDATE(C30,24)))) -> 45671 | L30: =IF(K30="퇴직정산",J30,IF((M$2-C30)<365,"미확정",IF(M30="유예","유예",J30-M30))) -> 8 | M30: =IF(C30=0,0,IF(K30="퇴직정산",0,IF(J30<=0,0,IF(EDATE(C30,3)>M$2,"유예",IF(SET!$J$3="없음",0,IF(SET!$J$3="전부",IF(E30>=DATE(YEAR(SET!$I$11),MONTH(SET!$J$11),DAY(SET!$L$11)),MAX(0,F30-IF(I30<(G30+H30),0,(I30-(G30+H30)))),0),IF(E30>=DATE(YEAR(SET!$I$11),MONTH(SET!$J$11),DAY(SET!$L$11)),MAX(0,MIN(F30,SET!$L$3)-IF(I30<(G30+H30),0,(I30-(G30+H30)))),0))))))) -> 0 | N30: =IF(D30=0,IF(M30>0,IF((E30-C30)>=365,EDATE(E30,6),EDATE(K30,-6)),""),"") | O30: =IF(D30=0,IF(M30>0,IF((E30-C30)>=365,EDATE(E30,10),EDATE(K30,-2)),""),"") | P30: 반차 | Q30: 반차 | R30: 반차 | S30: 연차 | T30: 연차 | U30: 반차 | V30: 연차 | W30: 연차 | X30: 반차 | Y30: 연차 | Z30: 연차 | AA30: 반차
P31: 45289 | Q31: 45329 | R31: 45369 | S31: 45380 | T31: 45454 | U31: 45490 | V31: 45498 | W31: 45531 | X31: 45565 | Y31: 45596 | Z31: 45615 | AA31: 45623
A32: 5B병동 | B32: AN 박지영 | C32: 43845 | D32: 45672 | E32: =IF(DATEDIF(C32,M$2,"m")<1,"",IF(C32=0,"",IF(EDATE(C32,12)<IF($D32>0,$D32-1,M$2),EDATE(C32,DATEDIF(C32,IF($D32>0,$D32-1,M$2+1),"y")*12),EDATE(C32,DATEDIF(C32,IF($D32>0,$D32-1,M$2+1),"m"))))) -> 45306 | F32: =IF(E32="",0,IF(EDATE(C32,12)<=E32,15+IF((YEAR(E32)-YEAR($C32))>20,10,INT((YEAR(E32)-YEAR($C32)-1)/2)),0)) -> 16 | G32: =IF(E32="",0,IF(E32>=EDATE(C32,12),IF(E32<EDATE(C32,24),IF(C32<SET!$J$20,0,MIN(DATEDIF(C32,E32,"m"),11)),0),IF(D32>C32,IF(E32<=EDATE(C32,12),MIN(DATEDIF(C32,D32+1,"m"),11),0),MIN(DATEDIF(C32,E32,"m"),11)))) -> 0 | H32: -6.5 | I32: =COUNTIF(P32:BW32,SET!$C$15)*SET!$C$16+COUNTIF(P32:BW32,SET!$D$15)*SET!$D$16+COUNTIF(P32:BW32,SET!E$15)*SET!$E$16+COUNTIF(P32:BW32,SET!$F$15)*SET!$F$16+COUNTIF(P32:BW32,SET!$G$15)*SET!$G$16+COUNTIF(P32:BW32,SET!$H$15)*SET!$H$16+COUNTIF(P32:BW32,SET!$I$15)*SET!$I$16+COUNTIF(P32:BW32,)*SET!$K$16+COUNTIF(P32:BW32,SET!$M$15)*SET!$M$16 -> 4 | J32: =F32+G32+H32-I32 -> 5.5 | K32: =IF(E32="","",IF(AND(D32>C32,EDATE(IF(EDATE(C32,12)<D32,C32,E32),12)>D32),"퇴직정산",IF((E32-C32)>=365,EDATE(E32,12),EDATE(C32,24)))) -> 45672 | L32: =IF(K32="퇴직정산",J32,IF((M$2-C32)<365,"미확정",IF(M32="유예","유예",J32-M32))) -> 5.5 | M32: =IF(C32=0,0,IF(K32="퇴직정산",0,IF(J32<=0,0,IF(EDATE(C32,3)>M$2,"유예",IF(SET!$J$3="없음",0,IF(SET!$J$3="전부",IF(E32>=DATE(YEAR(SET!$I$11),MONTH(SET!$J$11),DAY(SET!$L$11)),MAX(0,F32-IF(I32<(G32+H32),0,(I32-(G32+H32)))),0),IF(E32>=DATE(YEAR(SET!$I$11),MONTH(SET!$J$11),DAY(SET!$L$11)),MAX(0,MIN(F32,SET!$L$3)-IF(I32<(G32+H32),0,(I32-(G32+H32)))),0))))))) -> 0 | N32: =IF(D32=0,IF(M32>0,IF((E32-C32)>=365,EDATE(E32,6),EDATE(K32,-6)),""),"") | O32: =IF(D32=0,IF(M32>0,IF((E32-C32)>=365,EDATE(E32,10),EDATE(K32,-2)),""),"") | P32: 연차 | Q32: 연차 | R32: 연차 | S32: 연차
P33: 45404 | Q33: 45503 | R33: 45504 | S33: 45645
A34: 5B병동 | B34: 병동지원 박수련 | C34: 43845 | D34: 45672 | E34: =IF(DATEDIF(C34,M$2,"m")<1,"",IF(C34=0,"",IF(EDATE(C34,12)<IF($D34>0,$D34-1,M$2),EDATE(C34,DATEDIF(C34,IF($D34>0,$D34-1,M$2+1),"y")*12),EDATE(C34,DATEDIF(C34,IF($D34>0,$D34-1,M$2+1),"m"))))) -> 45306 | F34: =IF(E34="",0,IF(EDATE(C34,12)<=E34,15+IF((YEAR(E34)-YEAR($C34))>20,10,INT((YEAR(E34)-YEAR($C34)-1)/2)),0)) -> 16 | G34: =IF(E34="",0,IF(E34>=EDATE(C34,12),IF(E34<EDATE(C34,24),IF(C34<SET!$J$20,0,MIN(DATEDIF(C34,E34,"m"),11)),0),IF(D34>C34,IF(E34<=EDATE(C34,12),MIN(DATEDIF(C34,D34+1,"m"),11),0),MIN(DATEDIF(C34,E34,"m"),11)))) -> 0 | H34: -5.5 | I34: =COUNTIF(P34:BW34,SET!$C$15)*SET!$C$16+COUNTIF(P34:BW34,SET!$D$15)*SET!$D$16+COUNTIF(P34:BW34,SET!E$15)*SET!$E$16+COUNTIF(P34:BW34,SET!$F$15)*SET!$F$16+COUNTIF(P34:BW34,SET!$G$15)*SET!$G$16+COUNTIF(P34:BW34,SET!$H$15)*SET!$H$16+COUNTIF(P34:BW34,SET!$I$15)*SET!$I$16+COUNTIF(P34:BW34,)*SET!$K$16+COUNTIF(P34:BW34,SET!$M$15)*SET!$M$16 -> 10 | J34: =F34+G34+H34-I34 -> 0.5 | K34: =IF(E34="","",IF(AND(D34>C34,EDATE(IF(EDATE(C34,12)<D34,C34,E34),12)>D34),"퇴직정산",IF((E34-C34)>=365,EDATE(E34,12),EDATE(C34,24)))) -> 45672 | L34: =IF(K34="퇴직정산",J34,IF((M$2-C34)<365,"미확정",IF(M34="유예","유예",J34-M34))) -> 0.5 | M34: =IF(C34=0,0,IF(K34="퇴직정산",0,IF(J34<=0,0,IF(EDATE(C34,3)>M$2,"유예",IF(SET!$J$3="없음",0,IF(SET!$J$3="전부",IF(E34>=DATE(YEAR(SET!$I$11),MONTH(SET!$J$11),DAY(SET!$L$11)),MAX(0,F34-IF(I34<(G34+H34),0,(I34-(G34+H34)))),0),IF(E34>=DATE(YEAR(SET!$I$11),MONTH(SET!$J$11),DAY(SET!$L$11)),MAX(0,MIN(F34,SET!$L$3)-IF(I34<(G34+H34),0,(I34-(G34+H34)))),0))))))) -> 0 | N34: =IF(D34=0,IF(M34>0,IF((E34-C34)>=365,EDATE(E34,6),EDATE(K34,-6)),""),"") | O34: =IF(D34=0,IF(M34>0,IF((E34-C34)>=365,EDATE(E34,10),EDATE(K34,-2)),""),"") | P34: 연차 | Q34: 연차 | R34: 연차 | S34: 연차 | T34: 연차 | U34: 연차 | V34: 연차 | W34: 연차 | X34: 연차 | Y34: 연차 | Z34: 경조
P35: 45316 | Q35: 45327 | R35: 45412 | S35: 45475 | T35: 45491 | U35: 45541 | V35: 45562 | W35: 45582 | X35: 45616 | Y35: 45625 | Z35: 24/12/3~24/12/7(시모상)
A36: 3병동 | B36: RN 정지연 | C36: 44942 | D36: 45673 | E36: =IF(DATEDIF(C36,M$2,"m")<1,"",IF(C36=0,"",IF(EDATE(C36,12)<IF($D36>0,$D36-1,M$2),EDATE(C36,DATEDIF(C36,IF($D36>0,$D36-1,M$2+1),"y")*12),EDATE(C36,DATEDIF(C36,IF($D36>0,$D36-1,M$2+1),"m"))))) -> 45307 | F36: =IF(E36="",0,IF(EDATE(C36,12)<=E36,15+IF((YEAR(E36)-YEAR($C36))>20,10,INT((YEAR(E36)-YEAR($C36)-1)/2)),0)) -> 15 | G36: =IF(E36="",0,IF(E36>=EDATE(C36,12),IF(E36<EDATE(C36,24),IF(C36<SET!$J$20,0,MIN(DATEDIF(C36,E36,"m"),11)),0),IF(D36>C36,IF(E36<=EDATE(C36,12),MIN(DATEDIF(C36,D36+1,"m"),11),0),MIN(DATEDIF(C36,E36,"m"),11)))) -> 11 | I36: =COUNTIF(P36:BW36,SET!$C$15)*SET!$C$16+COUNTIF(P36:BW36,SET!$D$15)*SET!$D$16+COUNTIF(P36:BW36,SET!E$15)*SET!$E$16+COUNTIF(P36:BW36,SET!$F$15)*SET!$F$16+COUNTIF(P36:BW36,SET!$G$15)*SET!$G$16+COUNTIF(P36:BW36,SET!$H$15)*SET!$H$16+COUNTIF(P36:BW36,SET!$I$15)*SET!$I$16+COUNTIF(P36:BW36,)*SET!$K$16+COUNTIF(P36:BW36,SET!$M$15)*SET!$M$16 -> 17 | J36: =F36+G36+H36-I36 -> 9 | K36: =IF(E36="","",IF(AND(D36>C36,EDATE(IF(EDATE(C36,12)<D36,C36,E36),12)>D36),"퇴직정산",IF((E36-C36)>=365,EDATE(E36,12),EDATE(C36,24)))) -> 45673 | L36: =IF(K36="퇴직정산",J36,IF((M$2-C36)<365,"미확정",IF(M36="유예","유예",J36-M36))) -> 8 | M36: =IF(C36=0,0,IF(K36="퇴직정산",0,IF(J36<=0,0,IF(EDATE(C36,3)>M$2,"유예",IF(SET!$J$3="없음",0,IF(SET!$J$3="전부",IF(E36>=DATE(YEAR(SET!$I$11),MONTH(SET!$J$11),DAY(SET!$L$11)),MAX(0,F36-IF(I36<(G36+H36),0,(I36-(G36+H36)))),0),IF(E36>=DATE(YEAR(SET!$I$11),MONTH(SET!$J$11),DAY(SET!$L$11)),MAX(0,MIN(F36,SET!$L$3)-IF(I36<(G36+H36),0,(I36-(G36+H36)))),0))))))) -> 1 | N36: =IF(D36=0,IF(M36>0,IF((E36-C36)>=365,EDATE(E36,6),EDATE(K36,-6)),""),"") | O36: =IF(D36=0,IF(M36>0,IF((E36-C36)>=365,EDATE(E36,10),EDATE(K36,-2)),""),"") | P36: 연차 | Q36: 연차 | R36: 연차 | S36: 연차 | T36: 연차 | U36: 연차 | V36: 연차 | W36: 연차 | X36: 연차 | Y36: 연차 | Z36: 연차 | AA36: 연차 | AB36: 연차 | AC36: 연차 | AD36: 연차 | AE36: 연차 | AF36: 연차
P37: 45096 | Q37: 45109 | R37: 45150 | S37: 45153 | T37: 45241 | U37: 45242 | V37: 45311 | W37: 45312 | X37: 45333 | Y37: 45374 | Z37: 45402 | AA37: 45403 | AB37: 45458 | AC37: 45488 | AD37: 45492 | AE37: 45514 | AF37: 45623
A38: 영상의학과 | B38: 임준식 | C38: 44578 | D38: 45674 | E38: =IF(DATEDIF(C38,M$2,"m")<1,"",IF(C38=0,"",IF(EDATE(C38,12)<IF($D38>0,$D38-1,M$2),EDATE(C38,DATEDIF(C38,IF($D38>0,$D38-1,M$2+1),"y")*12),EDATE(C38,DATEDIF(C38,IF($D38>0,$D38-1,M$2+1),"m"))))) -> 45308 | F38: =IF(E38="",0,IF(EDATE(C38,12)<=E38,15+IF((YEAR(E38)-YEAR($C38))>20,10,INT((YEAR(E38)-YEAR($C38)-1)/2)),0)) -> 15 | G38: =IF(E38="",0,IF(E38>=EDATE(C38,12),IF(E38<EDATE(C38,24),IF(C38<SET!$J$20,0,MIN(DATEDIF(C38,E38,"m"),11)),0),IF(D38>C38,IF(E38<=EDATE(C38,12),MIN(DATEDIF(C38,D38+1,"m"),11),0),MIN(DATEDIF(C38,E38,"m"),11)))) -> 0 | H38: 4 | I38: =COUNTIF(P38:BW38,SET!$C$15)*SET!$C$16+COUNTIF(P38:BW38,SET!$D$15)*SET!$D$16+COUNTIF(P38:BW38,SET!E$15)*SET!$E$16+COUNTIF(P38:BW38,SET!$F$15)*SET!$F$16+COUNTIF(P38:BW38,SET!$G$15)*SET!$G$16+COUNTIF(P38:BW38,SET!$H$15)*SET!$H$16+COUNTIF(P38:BW38,SET!$I$15)*SET!$I$16+COUNTIF(P38:BW38,)*SET!$K$16+COUNTIF(P38:BW38,SET!$M$15)*SET!$M$16 -> 19 | J38: =F38+G38+H38-I38 -> 0 | K38: =IF(E38="","",IF(AND(D38>C38,EDATE(IF(EDATE(C38,12)<D38,C38,E38),12)>D38),"퇴직정산",IF((E38-C38)>=365,EDATE(E38,12),EDATE(C38,24)))) -> 45674 | L38: =IF(K38="퇴직정산",J38,IF((M$2-C38)<365,"미확정",IF(M38="유예","유예",J38-M38))) -> 0 | M38: =IF(C38=0,0,IF(K38="퇴직정산",0,IF(J38<=0,0,IF(EDATE(C38,3)>M$2,"유예",IF(SET!$J$3="없음",0,IF(SET!$J$3="전부",IF(E38>=DATE(YEAR(SET!$I$11),MONTH(SET!$J$11),DAY(SET!$L$11)),MAX(0,F38-IF(I38<(G38+H38),0,(I38-(G38+H38)))),0),IF(E38>=DATE(YEAR(SET!$I$11),MONTH(SET!$J$11),DAY(SET!$L$11)),MAX(0,MIN(F38,SET!$L$3)-IF(I38<(G38+H38),0,(I38-(G38+H38)))),0))))))) -> 0 | N38: =IF(D38=0,IF(M38>0,IF((E38-C38)>=365,EDATE(E38,6),EDATE(K38,-6)),""),"") | O38: =IF(D38=0,IF(M38>0,IF((E38-C38)>=365,EDATE(E38,10),EDATE(K38,-2)),""),"") | P38: 반차 | Q38: 연차 | R38: 연차 | S38: 반차 | T38: 반차 | U38: 반차 | V38: 반차 | W38: 훈련 | X38: 연차 | Y38: 반차 | Z38: 연차 | AA38: 반차 | AB38: 연차 | AC38: 반차 | AD38: 연차 | AE38: 반차 | AF38: 반차 | AG38: 반차 | AH38: 반차 | AI38: 훈련 | AJ38: 연차 | AK38: 연차 | AL38: 연차 | AM38: 반차 | AN38: 연차 | AO38: 반차 | AP38: 반차 | AQ38: 반차 | AR38: 반차 | AS38: 반차
P39: 45300 | Q39: 45310 | R39: 45317 | S39: 45327 | T39: 45330 | U39: 45348 | V39: 45356 | W39: 45364 | X39: 45371 | Y39: 45408 | Z39: 45428 | AA39: 45462 | AB39: 45463 | AC39: 45491 | AD39: 45499 | AE39: 45504 | AF39: 45511 | AG39: 45516 | AH39: 45546 | AI39: 45558 | AJ39: 45561 | AK39: 45581 | AL39: 45582 | AM39: 45583 | AN39: 45604 | AO39: 45614 | AP39: 45625 | AQ39: 45628 | AR39: 45637 | AS39: 45649
A40: 총무과 | B40: 최현지 | C40: 43857 | D40: 45684 | E40: =IF(DATEDIF(C40,M$2,"m")<1,"",IF(C40=0,"",IF(EDATE(C40,12)<IF($D40>0,$D40-1,M$2),EDATE(C40,DATEDIF(C40,IF($D40>0,$D40-1,M$2+1),"y")*12),EDATE(C40,DATEDIF(C40,IF($D40>0,$D40-1,M$2+1),"m"))))) -> 45318 | F40: =IF(E40="",0,IF(EDATE(C40,12)<=E40,15+IF((YEAR(E40)-YEAR($C40))>20,10,INT((YEAR(E40)-YEAR($C40)-1)/2)),0)) -> 16 | G40: =IF(E40="",0,IF(E40>=EDATE(C40,12),IF(E40<EDATE(C40,24),IF(C40<SET!$J$20,0,MIN(DATEDIF(C40,E40,"m"),11)),0),IF(D40>C40,IF(E40<=EDATE(C40,12),MIN(DATEDIF(C40,D40+1,"m"),11),0),MIN(DATEDIF(C40,E40,"m"),11)))) -> 0 | H40: -2.5 | I40: =COUNTIF(P40:BW40,SET!$C$15)*SET!$C$16+COUNTIF(P40:BW40,SET!$D$15)*SET!$D$16+COUNTIF(P40:BW40,SET!E$15)*SET!$E$16+COUNTIF(P40:BW40,SET!$F$15)*SET!$F$16+COUNTIF(P40:BW40,SET!$G$15)*SET!$G$16+COUNTIF(P40:BW40,SET!$H$15)*SET!$H$16+COUNTIF(P40:BW40,SET!$I$15)*SET!$I$16+COUNTIF(P40:BW40,)*SET!$K$16+COUNTIF(P40:BW40,SET!$M$15)*SET!$M$16 -> 14.5 | J40: =F40+G40+H40-I40 -> -1 | K40: =IF(E40="","",IF(AND(D40>C40,EDATE(IF(EDATE(C40,12)<D40,C40,E40),12)>D40),"퇴직정산",IF((E40-C40)>=365,EDATE(E40,12),EDATE(C40,24)))) -> 45684 | L40: =IF(K40="퇴직정산",J40,IF((M$2-C40)<365,"미확정",IF(M40="유예","유예",J40-M40))) -> -1 | M40: =IF(C40=0,0,IF(K40="퇴직정산",0,IF(J40<=0,0,IF(EDATE(C40,3)>M$2,"유예",IF(SET!$J$3="없음",0,IF(SET!$J$3="전부",IF(E40>=DATE(YEAR(SET!$I$11),MONTH(SET!$J$11),DAY(SET!$L$11)),MAX(0,F40-IF(I40<(G40+H40),0,(I40-(G40+H40)))),0),IF(E40>=DATE(YEAR(SET!$I$11),MONTH(SET!$J$11),DAY(SET!$L$11)),MAX(0,MIN(F40,SET!$L$3)-IF(I40<(G40+H40),0,(I40-(G40+H40)))),0))))))) -> 0 | N40: =IF(D40=0,IF(M40>0,IF((E40-C40)>=365,EDATE(E40,6),EDATE(K40,-6)),""),"") | O40: =IF(D40=0,IF(M40>0,IF((E40-C40)>=365,EDATE(E40,10),EDATE(K40,-2)),""),"") | P40: 연차 | Q40: 반차 | R40: 연차 | S40: 연차 | T40: 연차 | U40: 연차 | V40: 연차 | W40: 반차 | X40: 연차 | Y40: 연차 | Z40: 반차 | AA40: 반차 | AB40: 반차 | AC40: 반차 | AD40: 반차 | AE40: 반차 | AF40: 반차 | AG40: 연차 | AH40: 연차
P41: 45348 | Q41: 45359 | R41: 45369 | S41: 45408 | T41: 45425 | U41: 45461 | V41: 45475 | W41: 45495 | X41: 45520 | Y41: 45523 | Z41: 45516 | AA41: 45531 | AB41: 45538 | AC41: 45582 | AD41: 45594 | AE41: 45611 | AF41: 45624 | AG41: 45625 | AH41: 45628
A42: 3병동 | B42: HR 이고경 | C42: 43493 | D42: 45685 | E42: =IF(DATEDIF(C42,M$2,"m")<1,"",IF(C42=0,"",IF(EDATE(C42,12)<IF($D42>0,$D42-1,M$2),EDATE(C42,DATEDIF(C42,IF($D42>0,$D42-1,M$2+1),"y")*12),EDATE(C42,DATEDIF(C42,IF($D42>0,$D42-1,M$2+1),"m"))))) -> 45319 | F42: =IF(E42="",0,IF(EDATE(C42,12)<=E42,15+IF((YEAR(E42)-YEAR($C42))>20,10,INT((YEAR(E42)-YEAR($C42)-1)/2)),0)) -> 17 | G42: =IF(E42="",0,IF(E42>=EDATE(C42,12),IF(E42<EDATE(C42,24),IF(C42<SET!$J$20,0,MIN(DATEDIF(C42,E42,"m"),11)),0),IF(D42>C42,IF(E42<=EDATE(C42,12),MIN(DATEDIF(C42,D42+1,"m"),11),0),MIN(DATEDIF(C42,E42,"m"),11)))) -> 0 | H42: 14 | I42: =COUNTIF(P42:BW42,SET!$C$15)*SET!$C$16+COUNTIF(P42:BW42,SET!$D$15)*SET!$D$16+COUNTIF(P42:BW42,SET!E$15)*SET!$E$16+COUNTIF(P42:BW42,SET!$F$15)*SET!$F$16+COUNTIF(P42:BW42,SET!$G$15)*SET!$G$16+COUNTIF(P42:BW42,SET!$H$15)*SET!$H$16+COUNTIF(P42:BW42,SET!$I$15)*SET!$I$16+COUNTIF(P42:BW42,)*SET!$K$16+COUNTIF(P42:BW42,SET!$M$15)*SET!$M$16 -> 14.5 | J42: =F42+G42+H42-I42 -> 16.5 | K42: =IF(E42="","",IF(AND(D42>C42,EDATE(IF(EDATE(C42,12)<D42,C42,E42),12)>D42),"퇴직정산",IF((E42-C42)>=365,EDATE(E42,12),EDATE(C42,24)))) -> 45685 | L42: =IF(K42="퇴직정산",J42,IF((M$2-C42)<365,"미확정",IF(M42="유예","유예",J42-M42))) -> 10 | M42: =IF(C42=0,0,IF(K42="퇴직정산",0,IF(J42<=0,0,IF(EDATE(C42,3)>M$2,"유예",IF(SET!$J$3="없음",0,IF(SET!$J$3="전부",IF(E42>=DATE(YEAR(SET!$I$11),MONTH(SET!$J$11),DAY(SET!$L$11)),MAX(0,F42-IF(I42<(G42+H42),0,(I42-(G42+H42)))),0),IF(E42>=DATE(YEAR(SET!$I$11),MONTH(SET!$J$11),DAY(SET!$L$11)),MAX(0,MIN(F42,SET!$L$3)-IF(I42<(G42+H42),0,(I42-(G42+H42)))),0))))))) -> 6.5 | N42: =IF(D42=0,IF(M42>0,IF((E42-C42)>=365,EDATE(E42,6),EDATE(K42,-6)),""),"") | O42: =IF(D42=0,IF(M42>0,IF((E42-C42)>=365,EDATE(E42,10),EDATE(K42,-2)),""),"") | P42: 연차 | Q42: 연차 | R42: 연차 | S42: 연차 | T42: 연차 | U42: 반차 | V42: 반차 | W42: 연차 | X42: 연차 | Y42: 연차 | Z42: 연차 | AA42: 연차 | AB42: 연차 | AC42: 연차 | AD42: 반차 | AE42: 연차
P43: 45310 | Q43: 45338 | R43: 45385 | S43: 45404 | T43: 45405 | U43: 45434 | V43: 45477 | W43: 45492 | X43: 45506 | Y43: 45520 | Z43: 45526 | AA43: 45527 | AB43: 45534 | AC43: 45548 | AD43: 45600 | AE43: 45616
A44: 영상의학과 | B44: 송응수 | C44: 44958 | D44: 45689 | E44: =IF(DATEDIF(C44,M$2,"m")<1,"",IF(C44=0,"",IF(EDATE(C44,12)<IF($D44>0,$D44-1,M$2),EDATE(C44,DATEDIF(C44,IF($D44>0,$D44-1,M$2+1),"y")*12),EDATE(C44,DATEDIF(C44,IF($D44>0,$D44-1,M$2+1),"m"))))) -> 45323 | F44: =IF(E44="",0,IF(EDATE(C44,12)<=E44,15+IF((YEAR(E44)-YEAR($C44))>20,10,INT((YEAR(E44)-YEAR($C44)-1)/2)),0)) -> 15 | G44: =IF(E44="",0,IF(E44>=EDATE(C44,12),IF(E44<EDATE(C44,24),IF(C44<SET!$J$20,0,MIN(DATEDIF(C44,E44,"m"),11)),0),IF(D44>C44,IF(E44<=EDATE(C44,12),MIN(DATEDIF(C44,D44+1,"m"),11),0),MIN(DATEDIF(C44,E44,"m"),11)))) -> 11 | I44: =COUNTIF(P44:BW44,SET!$C$15)*SET!$C$16+COUNTIF(P44:BW44,SET!$D$15)*SET!$D$16+COUNTIF(P44:BW44,SET!E$15)*SET!$E$16+COUNTIF(P44:BW44,SET!$F$15)*SET!$F$16+COUNTIF(P44:BW44,SET!$G$15)*SET!$G$16+COUNTIF(P44:BW44,SET!$H$15)*SET!$H$16+COUNTIF(P44:BW44,SET!$I$15)*SET!$I$16+COUNTIF(P44:BW44,)*SET!$K$16+COUNTIF(P44:BW44,SET!$M$15)*SET!$M$16 -> 8 | J44: =F44+G44+H44-I44 -> 18 | K44: =IF(E44="","",IF(AND(D44>C44,EDATE(IF(EDATE(C44,12)<D44,C44,E44),12)>D44),"퇴직정산",IF((E44-C44)>=365,EDATE(E44,12),EDATE(C44,24)))) -> 45689 | L44: =IF(K44="퇴직정산",J44,IF((M$2-C44)<365,"미확정",IF(M44="유예","유예",J44-M44))) -> 11 | M44: =IF(C44=0,0,IF(K44="퇴직정산",0,IF(J44<=0,0,IF(EDATE(C44,3)>M$2,"유예",IF(SET!$J$3="없음",0,IF(SET!$J$3="전부",IF(E44>=DATE(YEAR(SET!$I$11),MONTH(SET!$J$11),DAY(SET!$L$11)),MAX(0,F44-IF(I44<(G44+H44),0,(I44-(G44+H44)))),0),IF(E44>=DATE(YEAR(SET!$I$11),MONTH(SET!$J$11),DAY(SET!$L$11)),MAX(0,MIN(F44,SET!$L$3)-IF(I44<(G44+H44),0,(I44-(G44+H44)))),0))))))) -> 7 | N44: =IF(D44=0,IF(M44>0,IF((E44-C44)>=365,EDATE(E44,6),EDATE(K44,-6)),""),"") | O44: =IF(D44=0,IF(M44>0,IF((E44-C44)>=365,EDATE(E44,10),EDATE(K44,-2)),""),"") | P44: 훈련 | Q44: 훈련 | R44: 훈련 | S44: 반차 | T44: 반차 | U44: 반차 | V44: 반차 | W44: 훈련 | X44: 훈련 | Y44: 훈련 | Z44: 훈련 | AA44: 연차 | AB44: 반차 | AC44: 반차 | AD44: 반차 | AE44: 반차 | AF44: 연차 | AG44: 연차 | AH44: 반차 | AI44: 반차
P45: 45118 | Q45: 45119 | R45: 45120 | S45: 45163 | T45: 45377 | U45: 45421 | V45: 45464 | W45: 45467 | X45: 45468 | Y45: 45469 | Z45: 45470 | AA45: 45497 | AB45: 45523 | AC45: 45527 | AD45: 45547 | AE45: 45575 | AF45: 45576 | AG45: 45618 | AH45: 45624 | AI45: 45645
A46: 3병동 | B46: CN 배효정 | C46: 43864 | D46: 45691 | E46: =IF(DATEDIF(C46,M$2,"m")<1,"",IF(C46=0,"",IF(EDATE(C46,12)<IF($D46>0,$D46-1,M$2),EDATE(C46,DATEDIF(C46,IF($D46>0,$D46-1,M$2+1),"y")*12),EDATE(C46,DATEDIF(C46,IF($D46>0,$D46-1,M$2+1),"m"))))) -> 45325 | F46: =IF(E46="",0,IF(EDATE(C46,12)<=E46,15+IF((YEAR(E46)-YEAR($C46))>20,10,INT((YEAR(E46)-YEAR($C46)-1)/2)),0)) -> 16 | G46: =IF(E46="",0,IF(E46>=EDATE(C46,12),IF(E46<EDATE(C46,24),IF(C46<SET!$J$20,0,MIN(DATEDIF(C46,E46,"m"),11)),0),IF(D46>C46,IF(E46<=EDATE(C46,12),MIN(DATEDIF(C46,D46+1,"m"),11),0),MIN(DATEDIF(C46,E46,"m"),11)))) -> 0 | H46: 18 | I46: =COUNTIF(P46:BW46,SET!$C$15)*SET!$C$16+COUNTIF(P46:BW46,SET!$D$15)*SET!$D$16+COUNTIF(P46:BW46,SET!E$15)*SET!$E$16+COUNTIF(P46:BW46,SET!$F$15)*SET!$F$16+COUNTIF(P46:BW46,SET!$G$15)*SET!$G$16+COUNTIF(P46:BW46,SET!$H$15)*SET!$H$16+COUNTIF(P46:BW46,SET!$I$15)*SET!$I$16+COUNTIF(P46:BW46,)*SET!$K$16+COUNTIF(P46:BW46,SET!$M$15)*SET!$M$16 -> 22 | J46: =F46+G46+H46-I46 -> 12 | K46: =IF(E46="","",IF(AND(D46>C46,EDATE(IF(EDATE(C46,12)<D46,C46,E46),12)>D46),"퇴직정산",IF((E46-C46)>=365,EDATE(E46,12),EDATE(C46,24)))) -> 45691 | L46: =IF(K46="퇴직정산",J46,IF((M$2-C46)<365,"미확정",IF(M46="유예","유예",J46-M46))) -> 9 | M46: =IF(C46=0,0,IF(K46="퇴직정산",0,IF(J46<=0,0,IF(EDATE(C46,3)>M$2,"유예",IF(SET!$J$3="없음",0,IF(SET!$J$3="전부",IF(E46>=DATE(YEAR(SET!$I$11),MONTH(SET!$J$11),DAY(SET!$L$11)),MAX(0,F46-IF(I46<(G46+H46),0,(I46-(G46+H46)))),0),IF(E46>=DATE(YEAR(SET!$I$11),MONTH(SET!$J$11),DAY(SET!$L$11)),MAX(0,MIN(F46,SET!$L$3)-IF(I46<(G46+H46),0,(I46-(G46+H46)))),0))))))) -> 3 | N46: =IF(D46=0,IF(M46>0,IF((E46-C46)>=365,EDATE(E46,6),EDATE(K46,-6)),""),"") | O46: =IF(D46=0,IF(M46>0,IF((E46-C46)>=365,EDATE(E46,10),EDATE(K46,-2)),""),"") | P46: 연차 | Q46: 연차 | R46: 연차 | S46: 연차 | T46: 연차 | U46: 연차 | V46: 연차 | W46: 연차 | X46: 연차 | Y46: 연차 | Z46: 연차 | AA46: 연차 | AB46: 연차 | AC46: 연차 | AD46: 연차 | AE46: 연차 | AF46: 연차 | AG46: 연차 | AH46: 연차 | AI46: 연차 | AJ46: 연차 | AK46: 연차
P47: 45385 | Q47: 45405 | R47: 45461 | S47: 45509 | T47: 45510 | U47: 45511 | V47: 45512 | W47: 45513 | X47: 45516 | Y47: 45517 | Z47: 45518 | AA47: 45520 | AB47: 45523 | AC47: 45524 | AD47: 45525 | AE47: 45526 | AF47: 45527 | AG47: 45530 | AH47: 45531 | AI47: 45532 | AJ47: 45533 | AK47: 45534
A48: 3병동 | B48: AN 김영주 | C48: 44595 | D48: 45691 | E48: =IF(DATEDIF(C48,M$2,"m")<1,"",IF(C48=0,"",IF(EDATE(C48,12)<IF($D48>0,$D48-1,M$2),EDATE(C48,DATEDIF(C48,IF($D48>0,$D48-1,M$2+1),"y")*12),EDATE(C48,DATEDIF(C48,IF($D48>0,$D48-1,M$2+1),"m"))))) -> 45325 | F48: =IF(E48="",0,IF(EDATE(C48,12)<=E48,15+IF((YEAR(E48)-YEAR($C48))>20,10,INT((YEAR(E48)-YEAR($C48)-1)/2)),0)) -> 15 | G48: =IF(E48="",0,IF(E48>=EDATE(C48,12),IF(E48<EDATE(C48,24),IF(C48<SET!$J$20,0,MIN(DATEDIF(C48,E48,"m"),11)),0),IF(D48>C48,IF(E48<=EDATE(C48,12),MIN(DATEDIF(C48,D48+1,"m"),11),0),MIN(DATEDIF(C48,E48,"m"),11)))) -> 0 | H48: 2 | I48: =COUNTIF(P48:BW48,SET!$C$15)*SET!$C$16+COUNTIF(P48:BW48,SET!$D$15)*SET!$D$16+COUNTIF(P48:BW48,SET!E$15)*SET!$E$16+COUNTIF(P48:BW48,SET!$F$15)*SET!$F$16+COUNTIF(P48:BW48,SET!$G$15)*SET!$G$16+COUNTIF(P48:BW48,SET!$H$15)*SET!$H$16+COUNTIF(P48:BW48,SET!$I$15)*SET!$I$16+COUNTIF(P48:BW48,)*SET!$K$16+COUNTIF(P48:BW48,SET!$M$15)*SET!$M$16 -> 7 | J48: =F48+G48+H48-I48 -> 10 | K48: =IF(E48="","",IF(AND(D48>C48,EDATE(IF(EDATE(C48,12)<D48,C48,E48),12)>D48),"퇴직정산",IF((E48-C48)>=365,EDATE(E48,12),EDATE(C48,24)))) -> 45691 | L48: =IF(K48="퇴직정산",J48,IF((M$2-C48)<365,"미확정",IF(M48="유예","유예",J48-M48))) -> 8 | M48: =IF(C48=0,0,IF(K48="퇴직정산",0,IF(J48<=0,0,IF(EDATE(C48,3)>M$2,"유예",IF(SET!$J$3="없음",0,IF(SET!$J$3="전부",IF(E48>=DATE(YEAR(SET!$I$11),MONTH(SET!$J$11),DAY(SET!$L$11)),MAX(0,F48-IF(I48<(G48+H48),0,(I48-(G48+H48)))),0),IF(E48>=DATE(YEAR(SET!$I$11),MONTH(SET!$J$11),DAY(SET!$L$11)),MAX(0,MIN(F48,SET!$L$3)-IF(I48<(G48+H48),0,(I48-(G48+H48)))),0))))))) -> 2 | N48: =IF(D48=0,IF(M48>0,IF((E48-C48)>=365,EDATE(E48,6),EDATE(K48,-6)),""),"") | O48: =IF(D48=0,IF(M48>0,IF((E48-C48)>=365,EDATE(E48,10),EDATE(K48,-2)),""),"") | P48: 연차 | Q48: 연차 | R48: 연차 | S48: 연차 | T48: 연차 | U48: 연차 | V48: 연차
P49: 45411 | Q49: 45477 | R49: 45493 | S49: 45494 | T49: 45610 | U49: 45611 | V49: 45651
A50: 진단검사의학과 | B50: 백선혜 | C50: 44970 | D50: 45701 | E50: =IF(DATEDIF(C50,M$2,"m")<1,"",IF(C50=0,"",IF(EDATE(C50,12)<IF($D50>0,$D50-1,M$2),EDATE(C50,DATEDIF(C50,IF($D50>0,$D50-1,M$2+1),"y")*12),EDATE(C50,DATEDIF(C50,IF($D50>0,$D50-1,M$2+1),"m"))))) -> 45335 | F50: =IF(E50="",0,IF(EDATE(C50,12)<=E50,15+IF((YEAR(E50)-YEAR($C50))>20,10,INT((YEAR(E50)-YEAR($C50)-1)/2)),0)) -> 15 | G50: =IF(E50="",0,IF(E50>=EDATE(C50,12),IF(E50<EDATE(C50,24),IF(C50<SET!$J$20,0,MIN(DATEDIF(C50,E50,"m"),11)),0),IF(D50>C50,IF(E50<=EDATE(C50,12),MIN(DATEDIF(C50,D50+1,"m"),11),0),MIN(DATEDIF(C50,E50,"m"),11)))) -> 11 | I50: =COUNTIF(P50:BW50,SET!$C$15)*SET!$C$16+COUNTIF(P50:BW50,SET!$D$15)*SET!$D$16+COUNTIF(P50:BW50,SET!E$15)*SET!$E$16+COUNTIF(P50:BW50,SET!$F$15)*SET!$F$16+COUNTIF(P50:BW50,SET!$G$15)*SET!$G$16+COUNTIF(P50:BW50,SET!$H$15)*SET!$H$16+COUNTIF(P50:BW50,SET!$I$15)*SET!$I$16+COUNTIF(P50:BW50,)*SET!$K$16+COUNTIF(P50:BW50,SET!$M$15)*SET!$M$16 -> 24 | J50: =F50+G50+H50-I50 -> 2 | K50: =IF(E50="","",IF(AND(D50>C50,EDATE(IF(EDATE(C50,12)<D50,C50,E50),12)>D50),"퇴직정산",IF((E50-C50)>=365,EDATE(E50,12),EDATE(C50,24)))) -> 45701 | L50: =IF(K50="퇴직정산",J50,IF((M$2-C50)<365,"미확정",IF(M50="유예","유예",J50-M50))) -> 2 | M50: =IF(C50=0,0,IF(K50="퇴직정산",0,IF(J50<=0,0,IF(EDATE(C50,3)>M$2,"유예",IF(SET!$J$3="없음",0,IF(SET!$J$3="전부",IF(E50>=DATE(YEAR(SET!$I$11),MONTH(SET!$J$11),DAY(SET!$L$11)),MAX(0,F50-IF(I50<(G50+H50),0,(I50-(G50+H50)))),0),IF(E50>=DATE(YEAR(SET!$I$11),MONTH(SET!$J$11),DAY(SET!$L$11)),MAX(0,MIN(F50,SET!$L$3)-IF(I50<(G50+H50),0,(I50-(G50+H50)))),0))))))) -> 0 | N50: =IF(D50=0,IF(M50>0,IF((E50-C50)>=365,EDATE(E50,6),EDATE(K50,-6)),""),"") | O50: =IF(D50=0,IF(M50>0,IF((E50-C50)>=365,EDATE(E50,10),EDATE(K50,-2)),""),"") | P50: 연차 | Q50: 연차 | R50: 연차 | S50: 연차 | T50: 반차 | U50: 연차 | V50: 연차 | W50: 연차 | X50: 연차 | Y50: 연차 | Z50: 연차 | AA50: 연차 | AB50: 반차 | AC50: 연차 | AD50: 반차 | AE50: 연차 | AF50: 연차 | AG50: 연차 | AH50: 반차 | AI50: 연차 | AJ50: 연차 | AK50: 연차 | AL50: 연차 | AM50: 연차 | AN50: 반차 | AO50: 반차 | AP50: 연차
P51: 45030 | Q51: 45121 | R51: 45162 | S51: 45163 | T51: 45168 | U51: 45211 | V51: 45212 | W51: 45245 | X51: 45266 | Y51: 45267 | Z51: 45268 | AA51: 45310 | AB51: 45328 | AC51: 45380 | AD51: 45404 | AE51: 45442 | AF51: 45443 | AG51: 45492 | AH51: 45496 | AI51: 45526 | AJ51: 45527 | AK51: 45623 | AL51: 45624 | AM51: 45625 | AN51: 45636 | AO51: 45639 | AP51: 45652
A52: 영양실 | B52: 전정숙 | C52: 43875 | D52: 45702 | E52: =IF(DATEDIF(C52,M$2,"m")<1,"",IF(C52=0,"",IF(EDATE(C52,12)<IF($D52>0,$D52-1,M$2),EDATE(C52,DATEDIF(C52,IF($D52>0,$D52-1,M$2+1),"y")*12),EDATE(C52,DATEDIF(C52,IF($D52>0,$D52-1,M$2+1),"m"))))) -> 45336 | F52: =IF(E52="",0,IF(EDATE(C52,12)<=E52,15+IF((YEAR(E52)-YEAR($C52))>20,10,INT((YEAR(E52)-YEAR($C52)-1)/2)),0)) -> 16 | G52: =IF(E52="",0,IF(E52>=EDATE(C52,12),IF(E52<EDATE(C52,24),IF(C52<SET!$J$20,0,MIN(DATEDIF(C52,E52,"m"),11)),0),IF(D52>C52,IF(E52<=EDATE(C52,12),MIN(DATEDIF(C52,D52+1,"m"),11),0),MIN(DATEDIF(C52,E52,"m"),11)))) -> 0 | H52: 2 | I52: =COUNTIF(P52:BW52,SET!$C$15)*SET!$C$16+COUNTIF(P52:BW52,SET!$D$15)*SET!$D$16+COUNTIF(P52:BW52,SET!E$15)*SET!$E$16+COUNTIF(P52:BW52,SET!$F$15)*SET!$F$16+COUNTIF(P52:BW52,SET!$G$15)*SET!$G$16+COUNTIF(P52:BW52,SET!$H$15)*SET!$H$16+COUNTIF(P52:BW52,SET!$I$15)*SET!$I$16+COUNTIF(P52:BW52,)*SET!$K$16+COUNTIF(P52:BW52,SET!$M$15)*SET!$M$16 -> 13 | J52: =F52+G52+H52-I52 -> 5 | K52: =IF(E52="","",IF(AND(D52>C52,EDATE(IF(EDATE(C52,12)<D52,C52,E52),12)>D52),"퇴직정산",IF((E52-C52)>=365,EDATE(E52,12),EDATE(C52,24)))) -> 45702 | L52: =IF(K52="퇴직정산",J52,IF((M$2-C52)<365,"미확정",IF(M52="유예","유예",J52-M52))) -> 5 | M52: =IF(C52=0,0,IF(K52="퇴직정산",0,IF(J52<=0,0,IF(EDATE(C52,3)>M$2,"유예",IF(SET!$J$3="없음",0,IF(SET!$J$3="전부",IF(E52>=DATE(YEAR(SET!$I$11),MONTH(SET!$J$11),DAY(SET!$L$11)),MAX(0,F52-IF(I52<(G52+H52),0,(I52-(G52+H52)))),0),IF(E52>=DATE(YEAR(SET!$I$11),MONTH(SET!$J$11),DAY(SET!$L$11)),MAX(0,MIN(F52,SET!$L$3)-IF(I52<(G52+H52),0,(I52-(G52+H52)))),0))))))) -> 0 | N52: =IF(D52=0,IF(M52>0,IF((E52-C52)>=365,EDATE(E52,6),EDATE(K52,-6)),""),"") | O52: =IF(D52=0,IF(M52>0,IF((E52-C52)>=365,EDATE(E52,10),EDATE(K52,-2)),""),"") | P52: 연차 | Q52: 연차 | R52: 연차 | S52: 연차 | T52: 연차 | U52: 연차 | V52: 연차 | W52: 연차 | X52: 연차 | Y52: 연차 | Z52: 연차 | AA52: 연차 | AB52: 연차
P53: 45329 | Q53: 45332 | R53: 45412 | S53: 45468 | T53: 45473 | U53: 45501 | V53: 45504 | W53: 45617 | X53: 45622 | Y53: 45625 | Z53: 45646 | AA53: 45650 | AB53: 45653
A54: 운동치료 | B54: 이원근 | C54: 43514 | D54: 45706 | E54: =IF(DATEDIF(C54,M$2,"m")<1,"",IF(C54=0,"",IF(EDATE(C54,12)<IF($D54>0,$D54-1,M$2),EDATE(C54,DATEDIF(C54,IF($D54>0,$D54-1,M$2+1),"y")*12),EDATE(C54,DATEDIF(C54,IF($D54>0,$D54-1,M$2+1),"m"))))) -> 45340 | F54: =IF(E54="",0,IF(EDATE(C54,12)<=E54,15+IF((YEAR(E54)-YEAR($C54))>20,10,INT((YEAR(E54)-YEAR($C54)-1)/2)),0)) -> 17 | G54: =IF(E54="",0,IF(E54>=EDATE(C54,12),IF(E54<EDATE(C54,24),IF(C54<SET!$J$20,0,MIN(DATEDIF(C54,E54,"m"),11)),0),IF(D54>C54,IF(E54<=EDATE(C54,12),MIN(DATEDIF(C54,D54+1,"m"),11),0),MIN(DATEDIF(C54,E54,"m"),11)))) -> 0 | H54: 4 | I54: =COUNTIF(P54:BW54,SET!$C$15)*SET!$C$16+COUNTIF(P54:BW54,SET!$D$15)*SET!$D$16+COUNTIF(P54:BW54,SET!E$15)*SET!$E$16+COUNTIF(P54:BW54,SET!$F$15)*SET!$F$16+COUNTIF(P54:BW54,SET!$G$15)*SET!$G$16+COUNTIF(P54:BW54,SET!$H$15)*SET!$H$16+COUNTIF(P54:BW54,SET!$I$15)*SET!$I$16+COUNTIF(P54:BW54,)*SET!$K$16+COUNTIF(P54:BW54,SET!$M$15)*SET!$M$16 -> 3 | J54: =F54+G54+H54-I54 -> 18 | K54: =IF(E54="","",IF(AND(D54>C54,EDATE(IF(EDATE(C54,12)<D54,C54,E54),12)>D54),"퇴직정산",IF((E54-C54)>=365,EDATE(E54,12),EDATE(C54,24)))) -> 45706 | L54: =IF(K54="퇴직정산",J54,IF((M$2-C54)<365,"미확정",IF(M54="유예","유예",J54-M54))) -> 11 | M54: =IF(C54=0,0,IF(K54="퇴직정산",0,IF(J54<=0,0,IF(EDATE(C54,3)>M$2,"유예",IF(SET!$J$3="없음",0,IF(SET!$J$3="전부",IF(E54>=DATE(YEAR(SET!$I$11),MONTH(SET!$J$11),DAY(SET!$L$11)),MAX(0,F54-IF(I54<(G54+H54),0,(I54-(G54+H54)))),0),IF(E54>=DATE(YEAR(SET!$I$11),MONTH(SET!$J$11),DAY(SET!$L$11)),MAX(0,MIN(F54,SET!$L$3)-IF(I54<(G54+H54),0,(I54-(G54+H54)))),0))))))) -> 7 | N54: =IF(D54=0,IF(M54>0,IF((E54-C54)>=365,EDATE(E54,6),EDATE(K54,-6)),""),"") | O54: =IF(D54=0,IF(M54>0,IF((E54-C54)>=365,EDATE(E54,10),EDATE(K54,-2)),""),"") | P54: 연차 | Q54: 연차 | R54: 연차 | S54: 경조 | T54: 경조
P55: 45532 | Q55: 45561 | R55: 45562 | S55: 24/11/06~11/12 | T55: 24/12/9~24/12/13(출산휴가)
A56: 진단검사의학과 | B56: 서승연 | C56: 43514 | D56: 45706 | E56: =IF(DATEDIF(C56,M$2,"m")<1,"",IF(C56=0,"",IF(EDATE(C56,12)<IF($D56>0,$D56-1,M$2),EDATE(C56,DATEDIF(C56,IF($D56>0,$D56-1,M$2+1),"y")*12),EDATE(C56,DATEDIF(C56,IF($D56>0,$D56-1,M$2+1),"m"))))) -> 45340 | F56: =IF(E56="",0,IF(EDATE(C56,12)<=E56,15+IF((YEAR(E56)-YEAR($C56))>20,10,INT((YEAR(E56)-YEAR($C56)-1)/2)),0)) -> 17 | G56: =IF(E56="",0,IF(E56>=EDATE(C56,12),IF(E56<EDATE(C56,24),IF(C56<SET!$J$20,0,MIN(DATEDIF(C56,E56,"m"),11)),0),IF(D56>C56,IF(E56<=EDATE(C56,12),MIN(DATEDIF(C56,D56+1,"m"),11),0),MIN(DATEDIF(C56,E56,"m"),11)))) -> 0 | H56: 0 | I56: =COUNTIF(P56:BW56,SET!$C$15)*SET!$C$16+COUNTIF(P56:BW56,SET!$D$15)*SET!$D$16+COUNTIF(P56:BW56,SET!E$15)*SET!$E$16+COUNTIF(P56:BW56,SET!$F$15)*SET!$F$16+COUNTIF(P56:BW56,SET!$G$15)*SET!$G$16+COUNTIF(P56:BW56,SET!$H$15)*SET!$H$16+COUNTIF(P56:BW56,SET!$I$15)*SET!$I$16+COUNTIF(P56:BW56,)*SET!$K$16+COUNTIF(P56:BW56,SET!$M$15)*SET!$M$16 -> 13.5 | J56: =F56+G56+H56-I56 -> 3.5 | K56: =IF(E56="","",IF(AND(D56>C56,EDATE(IF(EDATE(C56,12)<D56,C56,E56),12)>D56),"퇴직정산",IF((E56-C56)>=365,EDATE(E56,12),EDATE(C56,24)))) -> 45706 | L56: =IF(K56="퇴직정산",J56,IF((M$2-C56)<365,"미확정",IF(M56="유예","유예",J56-M56))) -> 3.5 | M56: =IF(C56=0,0,IF(K56="퇴직정산",0,IF(J56<=0,0,IF(EDATE(C56,3)>M$2,"유예",IF(SET!$J$3="없음",0,IF(SET!$J$3="전부",IF(E56>=DATE(YEAR(SET!$I$11),MONTH(SET!$J$11),DAY(SET!$L$11)),MAX(0,F56-IF(I56<(G56+H56),0,(I56-(G56+H56)))),0),IF(E56>=DATE(YEAR(SET!$I$11),MONTH(SET!$J$11),DAY(SET!$L$11)),MAX(0,MIN(F56,SET!$L$3)-IF(I56<(G56+H56),0,(I56-(G56+H56)))),0))))))) -> 0 | N56: =IF(D56=0,IF(M56>0,IF((E56-C56)>=365,EDATE(E56,6),EDATE(K56,-6)),""),"") | O56: =IF(D56=0,IF(M56>0,IF((E56-C56)>=365,EDATE(E56,10),EDATE(K56,-2)),""),"") | P56: 연차 | Q56: 연차 | R56: 연차 | S56: 반차 | T56: 연차 | U56: 반차 | V56: 연차 | W56: 연차 | X56: 연차 | Y56: 연차 | Z56: 연차 | AA56: 연차 | AB56: 연차 | AC56: 반차 | AD56: 연차
P57: 45343 | Q57: 45351 | R57: 45561 | S57: 45638 | T57: 45653 | U57: 45657 | V57: 45665 | W57: 45666 | X57: 45667 | Y57: 45670 | Z57: 45671 | AA57: 45672 | AB57: 45681 | AC57: 45701 | AD57: 45702
A58: 외래 | B58: RN 전성연 | C58: 44616 | D58: 45712 | E58: =IF(DATEDIF(C58,M$2,"m")<1,"",IF(C58=0,"",IF(EDATE(C58,12)<IF($D58>0,$D58-1,M$2),EDATE(C58,DATEDIF(C58,IF($D58>0,$D58-1,M$2+1),"y")*12),EDATE(C58,DATEDIF(C58,IF($D58>0,$D58-1,M$2+1),"m"))))) -> 45346 | F58: =IF(E58="",0,IF(EDATE(C58,12)<=E58,15+IF((YEAR(E58)-YEAR($C58))>20,10,INT((YEAR(E58)-YEAR($C58)-1)/2)),0)) -> 15 | G58: =IF(E58="",0,IF(E58>=EDATE(C58,12),IF(E58<EDATE(C58,24),IF(C58<SET!$J$20,0,MIN(DATEDIF(C58,E58,"m"),11)),0),IF(D58>C58,IF(E58<=EDATE(C58,12),MIN(DATEDIF(C58,D58+1,"m"),11),0),MIN(DATEDIF(C58,E58,"m"),11)))) -> 0 | H58: -2 | I58: =COUNTIF(P58:BW58,SET!$C$15)*SET!$C$16+COUNTIF(P58:BW58,SET!$D$15)*SET!$D$16+COUNTIF(P58:BW58,SET!E$15)*SET!$E$16+COUNTIF(P58:BW58,SET!$F$15)*SET!$F$16+COUNTIF(P58:BW58,SET!$G$15)*SET!$G$16+COUNTIF(P58:BW58,SET!$H$15)*SET!$H$16+COUNTIF(P58:BW58,SET!$I$15)*SET!$I$16+COUNTIF(P58:BW58,)*SET!$K$16+COUNTIF(P58:BW58,SET!$M$15)*SET!$M$16 -> 11.5 | J58: =F58+G58+H58-I58 -> 1.5 | K58: =IF(E58="","",IF(AND(D58>C58,EDATE(IF(EDATE(C58,12)<D58,C58,E58),12)>D58),"퇴직정산",IF((E58-C58)>=365,EDATE(E58,12),EDATE(C58,24)))) -> 45712 | L58: =IF(K58="퇴직정산",J58,IF((M$2-C58)<365,"미확정",IF(M58="유예","유예",J58-M58))) -> 1.5 | M58: =IF(C58=0,0,IF(K58="퇴직정산",0,IF(J58<=0,0,IF(EDATE(C58,3)>M$2,"유예",IF(SET!$J$3="없음",0,IF(SET!$J$3="전부",IF(E58>=DATE(YEAR(SET!$I$11),MONTH(SET!$J$11),DAY(SET!$L$11)),MAX(0,F58-IF(I58<(G58+H58),0,(I58-(G58+H58)))),0),IF(E58>=DATE(YEAR(SET!$I$11),MONTH(SET!$J$11),DAY(SET!$L$11)),MAX(0,MIN(F58,SET!$L$3)-IF(I58<(G58+H58),0,(I58-(G58+H58)))),0))))))) -> 0 | N58: =IF(D58=0,IF(M58>0,IF((E58-C58)>=365,EDATE(E58,6),EDATE(K58,-6)),""),"") | O58: =IF(D58=0,IF(M58>0,IF((E58-C58)>=365,EDATE(E58,10),EDATE(K58,-2)),""),"") | P58: 연차 | Q58: 연차 | R58: 연차 | S58: 반차 | T58: 연차 | U58: 연차 | V58: 연차 | W58: 반차 | X58: 연차 | Y58: 연차 | Z58: 연차 | AA58: 반차 | AB58: 반차 | AC58: 반차
P59: 45329 | Q59: 45351 | R59: 45411 | S59: 45422 | T59: 45443 | U59: 45485 | V59: 45491 | W59: 45492 | X59: 45518 | Y59: 45526 | Z59: 45527 | AA59: 45532 | AB59: 45624 | AC59: 45671
A60: 3병동 | B60: RN 박윤지 | C60: 44257 | D60: 45718 | E60: =IF(DATEDIF(C60,M$2,"m")<1,"",IF(C60=0,"",IF(EDATE(C60,12)<IF($D60>0,$D60-1,M$2),EDATE(C60,DATEDIF(C60,IF($D60>0,$D60-1,M$2+1),"y")*12),EDATE(C60,DATEDIF(C60,IF($D60>0,$D60-1,M$2+1),"m"))))) -> 45353 | F60: =IF(E60="",0,IF(EDATE(C60,12)<=E60,15+IF((YEAR(E60)-YEAR($C60))>20,10,INT((YEAR(E60)-YEAR($C60)-1)/2)),0)) -> 16 | G60: =IF(E60="",0,IF(E60>=EDATE(C60,12),IF(E60<EDATE(C60,24),IF(C60<SET!$J$20,0,MIN(DATEDIF(C60,E60,"m"),11)),0),IF(D60>C60,IF(E60<=EDATE(C60,12),MIN(DATEDIF(C60,D60+1,"m"),11),0),MIN(DATEDIF(C60,E60,"m"),11)))) -> 0 | H60: 5 | I60: =COUNTIF(P60:BW60,SET!$C$15)*SET!$C$16+COUNTIF(P60:BW60,SET!$D$15)*SET!$D$16+COUNTIF(P60:BW60,SET!E$15)*SET!$E$16+COUNTIF(P60:BW60,SET!$F$15)*SET!$F$16+COUNTIF(P60:BW60,SET!$G$15)*SET!$G$16+COUNTIF(P60:BW60,SET!$H$15)*SET!$H$16+COUNTIF(P60:BW60,SET!$I$15)*SET!$I$16+COUNTIF(P60:BW60,)*SET!$K$16+COUNTIF(P60:BW60,SET!$M$15)*SET!$M$16 -> 21 | J60: =F60+G60+H60-I60 -> 0 | K60: =IF(E60="","",IF(AND(D60>C60,EDATE(IF(EDATE(C60,12)<D60,C60,E60),12)>D60),"퇴직정산",IF((E60-C60)>=365,EDATE(E60,12),EDATE(C60,24)))) -> 45718 | L60: =IF(K60="퇴직정산",J60,IF((M$2-C60)<365,"미확정",IF(M60="유예","유예",J60-M60))) -> 0 | M60: =IF(C60=0,0,IF(K60="퇴직정산",0,IF(J60<=0,0,IF(EDATE(C60,3)>M$2,"유예",IF(SET!$J$3="없음",0,IF(SET!$J$3="전부",IF(E60>=DATE(YEAR(SET!$I$11),MONTH(SET!$J$11),DAY(SET!$L$11)),MAX(0,F60-IF(I60<(G60+H60),0,(I60-(G60+H60)))),0),IF(E60>=DATE(YEAR(SET!$I$11),MONTH(SET!$J$11),DAY(SET!$L$11)),MAX(0,MIN(F60,SET!$L$3)-IF(I60<(G60+H60),0,(I60-(G60+H60)))),0))))))) -> 0 | N60: =IF(D60=0,IF(M60>0,IF((E60-C60)>=365,EDATE(E60,6),EDATE(K60,-6)),""),"") | O60: =IF(D60=0,IF(M60>0,IF((E60-C60)>=365,EDATE(E60,10),EDATE(K60,-2)),""),"") | P60: 연차 | Q60: 연차 | R60: 경조 | S60: 연차 | T60: 연차 | U60: 연차 | V60: 연차 | W60: 연차 | X60: 연차 | Y60: 연차 | Z60: 연차 | AA60: 연차 | AB60: 연차 | AC60: 연차 | AD60: 연차 | AE60: 연차 | AF60: 연차 | AG60: 연차 | AH60: 연차 | AI60: 연차 | AJ60: 연차 | AK60: 연차
P61: 45334 | Q61: 45367 | R61: 2024-04-13~2024-04-17(결혼) | S61: 45400 | T61: 45401 | U61: 45402 | V61: 45484 | W61: 45485 | X61: 45490 | Y61: 45491 | Z61: 45505 | AA61: 45506 | AB61: 45509 | AC61: 45510 | AD61: 45511 | AE61: 45512 | AF61: 45513 | AG61: 45516 | AH61: 45517 | AI61: 45518 | AJ61: 45520 | AK61: 45523
A62: 외래 | B62: 이하은 | C62: 44622 | D62: 45718 | E62: =IF(DATEDIF(C62,M$2,"m")<1,"",IF(C62=0,"",IF(EDATE(C62,12)<IF($D62>0,$D62-1,M$2),EDATE(C62,DATEDIF(C62,IF($D62>0,$D62-1,M$2+1),"y")*12),EDATE(C62,DATEDIF(C62,IF($D62>0,$D62-1,M$2+1),"m"))))) -> 45353 | F62: =IF(E62="",0,IF(EDATE(C62,12)<=E62,15+IF((YEAR(E62)-YEAR($C62))>20,10,INT((YEAR(E62)-YEAR($C62)-1)/2)),0)) -> 15 | G62: =IF(E62="",0,IF(E62>=EDATE(C62,12),IF(E62<EDATE(C62,24),IF(C62<SET!$J$20,0,MIN(DATEDIF(C62,E62,"m"),11)),0),IF(D62>C62,IF(E62<=EDATE(C62,12),MIN(DATEDIF(C62,D62+1,"m"),11),0),MIN(DATEDIF(C62,E62,"m"),11)))) -> 0 | H62: -6 | I62: =COUNTIF(P62:BW62,SET!$C$15)*SET!$C$16+COUNTIF(P62:BW62,SET!$D$15)*SET!$D$16+COUNTIF(P62:BW62,SET!E$15)*SET!$E$16+COUNTIF(P62:BW62,SET!$F$15)*SET!$F$16+COUNTIF(P62:BW62,SET!$G$15)*SET!$G$16+COUNTIF(P62:BW62,SET!$H$15)*SET!$H$16+COUNTIF(P62:BW62,SET!$I$15)*SET!$I$16+COUNTIF(P62:BW62,)*SET!$K$16+COUNTIF(P62:BW62,SET!$M$15)*SET!$M$16 -> 6 | J62: =F62+G62+H62-I62 -> 3 | K62: =IF(E62="","",IF(AND(D62>C62,EDATE(IF(EDATE(C62,12)<D62,C62,E62),12)>D62),"퇴직정산",IF((E62-C62)>=365,EDATE(E62,12),EDATE(C62,24)))) -> 45718 | L62: =IF(K62="퇴직정산",J62,IF((M$2-C62)<365,"미확정",IF(M62="유예","유예",J62-M62))) -> 3 | M62: =IF(C62=0,0,IF(K62="퇴직정산",0,IF(J62<=0,0,IF(EDATE(C62,3)>M$2,"유예",IF(SET!$J$3="없음",0,IF(SET!$J$3="전부",IF(E62>=DATE(YEAR(SET!$I$11),MONTH(SET!$J$11),DAY(SET!$L$11)),MAX(0,F62-IF(I62<(G62+H62),0,(I62-(G62+H62)))),0),IF(E62>=DATE(YEAR(SET!$I$11),MONTH(SET!$J$11),DAY(SET!$L$11)),MAX(0,MIN(F62,SET!$L$3)-IF(I62<(G62+H62),0,(I62-(G62+H62)))),0))))))) -> 0 | N62: =IF(D62=0,IF(M62>0,IF((E62-C62)>=365,EDATE(E62,6),EDATE(K62,-6)),""),"") | O62: =IF(D62=0,IF(M62>0,IF((E62-C62)>=365,EDATE(E62,10),EDATE(K62,-2)),""),"") | P62: 반차 | Q62: 연차 | R62: 반차 | S62: 연차 | T62: 연차 | U62: 연차 | V62: 연차
P63: 45609 | Q63: 45611 | R63: 45665 | S63: 45666 | T63: 45667 | U63: 45670 | V63: 45671
A64: 상담실 | B64: RN 김수안 | C64: 44257 | D64: 45718 | E64: =IF(DATEDIF(C64,M$2,"m")<1,"",IF(C64=0,"",IF(EDATE(C64,12)<IF($D64>0,$D64-1,M$2),EDATE(C64,DATEDIF(C64,IF($D64>0,$D64-1,M$2+1),"y")*12),EDATE(C64,DATEDIF(C64,IF($D64>0,$D64-1,M$2+1),"m"))))) -> 45353 | F64: =IF(E64="",0,IF(EDATE(C64,12)<=E64,15+IF((YEAR(E64)-YEAR($C64))>20,10,INT((YEAR(E64)-YEAR($C64)-1)/2)),0)) -> 16 | G64: =IF(E64="",0,IF(E64>=EDATE(C64,12),IF(E64<EDATE(C64,24),IF(C64<SET!$J$20,0,MIN(DATEDIF(C64,E64,"m"),11)),0),IF(D64>C64,IF(E64<=EDATE(C64,12),MIN(DATEDIF(C64,D64+1,"m"),11),0),MIN(DATEDIF(C64,E64,"m"),11)))) -> 0 | H64: 2.5 | I64: =COUNTIF(P64:BW64,SET!$C$15)*SET!$C$16+COUNTIF(P64:BW64,SET!$D$15)*SET!$D$16+COUNTIF(P64:BW64,SET!E$15)*SET!$E$16+COUNTIF(P64:BW64,SET!$F$15)*SET!$F$16+COUNTIF(P64:BW64,SET!$G$15)*SET!$G$16+COUNTIF(P64:BW64,SET!$H$15)*SET!$H$16+COUNTIF(P64:BW64,SET!$I$15)*SET!$I$16+COUNTIF(P64:BW64,)*SET!$K$16+COUNTIF(P64:BW64,SET!$M$15)*SET!$M$16 -> 16 | J64: =F64+G64+H64-I64 -> 2.5 | K64: =IF(E64="","",IF(AND(D64>C64,EDATE(IF(EDATE(C64,12)<D64,C64,E64),12)>D64),"퇴직정산",IF((E64-C64)>=365,EDATE(E64,12),EDATE(C64,24)))) -> 45718 | L64: =IF(K64="퇴직정산",J64,IF((M$2-C64)<365,"미확정",IF(M64="유예","유예",J64-M64))) -> 2.5 | M64: =IF(C64=0,0,IF(K64="퇴직정산",0,IF(J64<=0,0,IF(EDATE(C64,3)>M$2,"유예",IF(SET!$J$3="없음",0,IF(SET!$J$3="전부",IF(E64>=DATE(YEAR(SET!$I$11),MONTH(SET!$J$11),DAY(SET!$L$11)),MAX(0,F64-IF(I64<(G64+H64),0,(I64-(G64+H64)))),0),IF(E64>=DATE(YEAR(SET!$I$11),MONTH(SET!$J$11),DAY(SET!$L$11)),MAX(0,MIN(F64,SET!$L$3)-IF(I64<(G64+H64),0,(I64-(G64+H64)))),0))))))) -> 0 | N64: =IF(D64=0,IF(M64>0,IF((E64-C64)>=365,EDATE(E64,6),EDATE(K64,-6)),""),"") | O64: =IF(D64=0,IF(M64>0,IF((E64-C64)>=365,EDATE(E64,10),EDATE(K64,-2)),""),"") | P64: 연차 | Q64: 반차 | R64: 연차 | S64: 연차 | T64: 반차 | U64: 반차 | V64: 연차 | W64: 연차 | X64: 반차 | Y64: 연차 | Z64: 반차 | AA64: 반차 | AB64: 연차 | AC64: 연차 | AD64: 연차 | AE64: 연차 | AF64: 연차 | AG64: 연차 | AH64: 연차
P65: 45323 | Q65: 45324 | R65: 45351 | S65: 45365 | T65: 45435 | U65: 45443 | V65: 45471 | W65: 45489 | X65: 45526 | Y65: 45527 | Z65: 45589 | AA65: 45596 | AB65: 45604 | AC65: 45610 | AD65: 45622 | AE65: 45650 | AF65: 45657 | AG65: 45664 | AH65: 45680
A66: 5A병동 | B66: 병동지원 김대현 | C66: 44624 | D66: 45720 | E66: =IF(DATEDIF(C66,M$2,"m")<1,"",IF(C66=0,"",IF(EDATE(C66,12)<IF($D66>0,$D66-1,M$2),EDATE(C66,DATEDIF(C66,IF($D66>0,$D66-1,M$2+1),"y")*12),EDATE(C66,DATEDIF(C66,IF($D66>0,$D66-1,M$2+1),"m"))))) -> 45355 | F66: =IF(E66="",0,IF(EDATE(C66,12)<=E66,15+IF((YEAR(E66)-YEAR($C66))>20,10,INT((YEAR(E66)-YEAR($C66)-1)/2)),0)) -> 15 | G66: =IF(E66="",0,IF(E66>=EDATE(C66,12),IF(E66<EDATE(C66,24),IF(C66<SET!$J$20,0,MIN(DATEDIF(C66,E66,"m"),11)),0),IF(D66>C66,IF(E66<=EDATE(C66,12),MIN(DATEDIF(C66,D66+1,"m"),11),0),MIN(DATEDIF(C66,E66,"m"),11)))) -> 0 | H66: -1 | I66: =COUNTIF(P66:BW66,SET!$C$15)*SET!$C$16+COUNTIF(P66:BW66,SET!$D$15)*SET!$D$16+COUNTIF(P66:BW66,SET!E$15)*SET!$E$16+COUNTIF(P66:BW66,SET!$F$15)*SET!$F$16+COUNTIF(P66:BW66,SET!$G$15)*SET!$G$16+COUNTIF(P66:BW66,SET!$H$15)*SET!$H$16+COUNTIF(P66:BW66,SET!$I$15)*SET!$I$16+COUNTIF(P66:BW66,)*SET!$K$16+COUNTIF(P66:BW66,SET!$M$15)*SET!$M$16 -> 12.5 | J66: =F66+G66+H66-I66 -> 1.5 | K66: =IF(E66="","",IF(AND(D66>C66,EDATE(IF(EDATE(C66,12)<D66,C66,E66),12)>D66),"퇴직정산",IF((E66-C66)>=365,EDATE(E66,12),EDATE(C66,24)))) -> 45720 | L66: =IF(K66="퇴직정산",J66,IF((M$2-C66)<365,"미확정",IF(M66="유예","유예",J66-M66))) -> 1.5 | M66: =IF(C66=0,0,IF(K66="퇴직정산",0,IF(J66<=0,0,IF(EDATE(C66,3)>M$2,"유예",IF(SET!$J$3="없음",0,IF(SET!$J$3="전부",IF(E66>=DATE(YEAR(SET!$I$11),MONTH(SET!$J$11),DAY(SET!$L$11)),MAX(0,F66-IF(I66<(G66+H66),0,(I66-(G66+H66)))),0),IF(E66>=DATE(YEAR(SET!$I$11),MONTH(SET!$J$11),DAY(SET!$L$11)),MAX(0,MIN(F66,SET!$L$3)-IF(I66<(G66+H66),0,(I66-(G66+H66)))),0))))))) -> 0 | N66: =IF(D66=0,IF(M66>0,IF((E66-C66)>=365,EDATE(E66,6),EDATE(K66,-6)),""),"") | O66: =IF(D66=0,IF(M66>0,IF((E66-C66)>=365,EDATE(E66,10),EDATE(K66,-2)),""),"") | P66: 연차 | Q66: 연차 | R66: 연차 | S66: 반차 | T66: 연차 | U66: 연차 | V66: 연차 | W66: 연차 | X66: 연차 | Y66: 연차 | Z66: 연차 | AA66: 연차 | AB66: 연차
P67: 45327 | Q67: 45345 | R67: 45358 | S67: 45367 | T67: 45383 | U67: 45384 | V67: 45425 | W67: 45442 | X67: 45463 | Y67: 45478 | Z67: 45481 | AA67: 45509 | AB67: 45510
A68: 검진센터 | B68: 강민지 | C68: 43528 | D68: 45720 | E68: =IF(DATEDIF(C68,M$2,"m")<1,"",IF(C68=0,"",IF(EDATE(C68,12)<IF($D68>0,$D68-1,M$2),EDATE(C68,DATEDIF(C68,IF($D68>0,$D68-1,M$2+1),"y")*12),EDATE(C68,DATEDIF(C68,IF($D68>0,$D68-1,M$2+1),"m"))))) -> 45355 | F68: =IF(E68="",0,IF(EDATE(C68,12)<=E68,15+IF((YEAR(E68)-YEAR($C68))>20,10,INT((YEAR(E68)-YEAR($C68)-1)/2)),0)) -> 17 | G68: =IF(E68="",0,IF(E68>=EDATE(C68,12),IF(E68<EDATE(C68,24),IF(C68<SET!$J$20,0,MIN(DATEDIF(C68,E68,"m"),11)),0),IF(D68>C68,IF(E68<=EDATE(C68,12),MIN(DATEDIF(C68,D68+1,"m"),11),0),MIN(DATEDIF(C68,E68,"m"),11)))) -> 0 | H68: 3 | I68: =COUNTIF(P68:BW68,SET!$C$15)*SET!$C$16+COUNTIF(P68:BW68,SET!$D$15)*SET!$D$16+COUNTIF(P68:BW68,SET!E$15)*SET!$E$16+COUNTIF(P68:BW68,SET!$F$15)*SET!$F$16+COUNTIF(P68:BW68,SET!$G$15)*SET!$G$16+COUNTIF(P68:BW68,SET!$H$15)*SET!$H$16+COUNTIF(P68:BW68,SET!$I$15)*SET!$I$16+COUNTIF(P68:BW68,)*SET!$K$16+COUNTIF(P68:BW68,SET!$M$15)*SET!$M$16 -> 20 | J68: =F68+G68+H68-I68 -> 0 | K68: =IF(E68="","",IF(AND(D68>C68,EDATE(IF(EDATE(C68,12)<D68,C68,E68),12)>D68),"퇴직정산",IF((E68-C68)>=365,EDATE(E68,12),EDATE(C68,24)))) -> 45720 | L68: =IF(K68="퇴직정산",J68,IF((M$2-C68)<365,"미확정",IF(M68="유예","유예",J68-M68))) -> 0 | M68: =IF(C68=0,0,IF(K68="퇴직정산",0,IF(J68<=0,0,IF(EDATE(C68,3)>M$2,"유예",IF(SET!$J$3="없음",0,IF(SET!$J$3="전부",IF(E68>=DATE(YEAR(SET!$I$11),MONTH(SET!$J$11),DAY(SET!$L$11)),MAX(0,F68-IF(I68<(G68+H68),0,(I68-(G68+H68)))),0),IF(E68>=DATE(YEAR(SET!$I$11),MONTH(SET!$J$11),DAY(SET!$L$11)),MAX(0,MIN(F68,SET!$L$3)-IF(I68<(G68+H68),0,(I68-(G68+H68)))),0))))))) -> 0 | N68: =IF(D68=0,IF(M68>0,IF((E68-C68)>=365,EDATE(E68,6),EDATE(K68,-6)),""),"") | O68: =IF(D68=0,IF(M68>0,IF((E68-C68)>=365,EDATE(E68,10),EDATE(K68,-2)),""),"") | P68: 연차 | Q68: 연차 | R68: 연차 | S68: 연차 | T68: 연차 | U68: 연차 | V68: 연차 | W68: 연차 | X68: 연차 | Y68: 연차 | Z68: 연차 | AA68: 연차 | AB68: 연차 | AC68: 연차 | AD68: 연차 | AE68: 연차 | AF68: 연차 | AG68: 연차 | AH68: 연차 | AI68: 연차
P69: 45335 | Q69: 45336 | R69: 45349 | S69: 45394 | T69: 45450 | U69: 45463 | V69: 45464 | W69: 45497 | X69: 45498 | Y69: 45502 | Z69: 45505 | AA69: 45506 | AB69: 45526 | AC69: 45560 | AD69: 45589 | AE69: 45624 | AF69: 45625 | AG69: 45628 | AH69: 45677 | AI69: 45678
A70: 5A병동 | B70: CN 한수연 | C70: 43164 | D70: 45721 | E70: =IF(DATEDIF(C70,M$2,"m")<1,"",IF(C70=0,"",IF(EDATE(C70,12)<IF($D70>0,$D70-1,M$2),EDATE(C70,DATEDIF(C70,IF($D70>0,$D70-1,M$2+1),"y")*12),EDATE(C70,DATEDIF(C70,IF($D70>0,$D70-1,M$2+1),"m"))))) -> 45356 | F70: =IF(E70="",0,IF(EDATE(C70,12)<=E70,15+IF((YEAR(E70)-YEAR($C70))>20,10,INT((YEAR(E70)-YEAR($C70)-1)/2)),0)) -> 17 | G70: =IF(E70="",0,IF(E70>=EDATE(C70,12),IF(E70<EDATE(C70,24),IF(C70<SET!$J$20,0,MIN(DATEDIF(C70,E70,"m"),11)),0),IF(D70>C70,IF(E70<=EDATE(C70,12),MIN(DATEDIF(C70,D70+1,"m"),11),0),MIN(DATEDIF(C70,E70,"m"),11)))) -> 0 | H70: -8 | I70: =COUNTIF(P70:BW70,SET!$C$15)*SET!$C$16+COUNTIF(P70:BW70,SET!$D$15)*SET!$D$16+COUNTIF(P70:BW70,SET!E$15)*SET!$E$16+COUNTIF(P70:BW70,SET!$F$15)*SET!$F$16+COUNTIF(P70:BW70,SET!$G$15)*SET!$G$16+COUNTIF(P70:BW70,SET!$H$15)*SET!$H$16+COUNTIF(P70:BW70,SET!$I$15)*SET!$I$16+COUNTIF(P70:BW70,)*SET!$K$16+COUNTIF(P70:BW70,SET!$M$15)*SET!$M$16 -> 7.5 | J70: =F70+G70+H70-I70 -> 1.5 | K70: =IF(E70="","",IF(AND(D70>C70,EDATE(IF(EDATE(C70,12)<D70,C70,E70),12)>D70),"퇴직정산",IF((E70-C70)>=365,EDATE(E70,12),EDATE(C70,24)))) -> 45721 | L70: =IF(K70="퇴직정산",J70,IF((M$2-C70)<365,"미확정",IF(M70="유예","유예",J70-M70))) -> 1.5 | M70: =IF(C70=0,0,IF(K70="퇴직정산",0,IF(J70<=0,0,IF(EDATE(C70,3)>M$2,"유예",IF(SET!$J$3="없음",0,IF(SET!$J$3="전부",IF(E70>=DATE(YEAR(SET!$I$11),MONTH(SET!$J$11),DAY(SET!$L$11)),MAX(0,F70-IF(I70<(G70+H70),0,(I70-(G70+H70)))),0),IF(E70>=DATE(YEAR(SET!$I$11),MONTH(SET!$J$11),DAY(SET!$L$11)),MAX(0,MIN(F70,SET!$L$3)-IF(I70<(G70+H70),0,(I70-(G70+H70)))),0))))))) -> 0 | N70: =IF(D70=0,IF(M70>0,IF((E70-C70)>=365,EDATE(E70,6),EDATE(K70,-6)),""),"") | O70: =IF(D70=0,IF(M70>0,IF((E70-C70)>=365,EDATE(E70,10),EDATE(K70,-2)),""),"") | P70: 반차 | Q70: 연차 | R70: 연차 | S70: 연차 | T70: 연차 | U70: 연차 | V70: 연차 | W70: 연차
P71: 45381 | Q71: 45450 | R71: 45474 | S71: 45496 | T71: 45502 | U71: 45608 | V71: 45614 | W71: 45656
A72: 검진센터 | B72: 김보경 | C72: 44627 | D72: 45723 | E72: =IF(DATEDIF(C72,M$2,"m")<1,"",IF(C72=0,"",IF(EDATE(C72,12)<IF($D72>0,$D72-1,M$2),EDATE(C72,DATEDIF(C72,IF($D72>0,$D72-1,M$2+1),"y")*12),EDATE(C72,DATEDIF(C72,IF($D72>0,$D72-1,M$2+1),"m"))))) -> 45358 | F72: =IF(E72="",0,IF(EDATE(C72,12)<=E72,15+IF((YEAR(E72)-YEAR($C72))>20,10,INT((YEAR(E72)-YEAR($C72)-1)/2)),0)) -> 15 | G72: =IF(E72="",0,IF(E72>=EDATE(C72,12),IF(E72<EDATE(C72,24),IF(C72<SET!$J$20,0,MIN(DATEDIF(C72,E72,"m"),11)),0),IF(D72>C72,IF(E72<=EDATE(C72,12),MIN(DATEDIF(C72,D72+1,"m"),11),0),MIN(DATEDIF(C72,E72,"m"),11)))) -> 0 | H72: 9 | I72: =COUNTIF(P72:BW72,SET!$C$15)*SET!$C$16+COUNTIF(P72:BW72,SET!$D$15)*SET!$D$16+COUNTIF(P72:BW72,SET!E$15)*SET!$E$16+COUNTIF(P72:BW72,SET!$F$15)*SET!$F$16+COUNTIF(P72:BW72,SET!$G$15)*SET!$G$16+COUNTIF(P72:BW72,SET!$H$15)*SET!$H$16+COUNTIF(P72:BW72,SET!$I$15)*SET!$I$16+COUNTIF(P72:BW72,)*SET!$K$16+COUNTIF(P72:BW72,SET!$M$15)*SET!$M$16 -> 14 | J72: =F72+G72+H72-I72 -> 10 | K72: =IF(E72="","",IF(AND(D72>C72,EDATE(IF(EDATE(C72,12)<D72,C72,E72),12)>D72),"퇴직정산",IF((E72-C72)>=365,EDATE(E72,12),EDATE(C72,24)))) -> 45723 | L72: =IF(K72="퇴직정산",J72,IF((M$2-C72)<365,"미확정",IF(M72="유예","유예",J72-M72))) -> 8 | M72: =IF(C72=0,0,IF(K72="퇴직정산",0,IF(J72<=0,0,IF(EDATE(C72,3)>M$2,"유예",IF(SET!$J$3="없음",0,IF(SET!$J$3="전부",IF(E72>=DATE(YEAR(SET!$I$11),MONTH(SET!$J$11),DAY(SET!$L$11)),MAX(0,F72-IF(I72<(G72+H72),0,(I72-(G72+H72)))),0),IF(E72>=DATE(YEAR(SET!$I$11),MONTH(SET!$J$11),DAY(SET!$L$11)),MAX(0,MIN(F72,SET!$L$3)-IF(I72<(G72+H72),0,(I72-(G72+H72)))),0))))))) -> 2 | N72: =IF(D72=0,IF(M72>0,IF((E72-C72)>=365,EDATE(E72,6),EDATE(K72,-6)),""),"") | O72: =IF(D72=0,IF(M72>0,IF((E72-C72)>=365,EDATE(E72,10),EDATE(K72,-2)),""),"") | P72: 연차 | Q72: 연차 | R72: 연차 | S72: 연차 | T72: 연차 | U72: 연차 | V72: 연차 | W72: 연차 | X72: 연차 | Y72: 연차 | Z72: 연차 | AA72: 연차 | AB72: 연차 | AC72: 연차
P73: 45327 | Q73: 45328 | R73: 45350 | S73: 45351 | T73: 45356 | U73: 45358 | V73: 45406 | W73: 45554 | X73: 45555 | Y73: 45558 | Z73: 45559 | AA73: 45561 | AB73: 45680 | AC73: 45681
A74: 3병동 | B74: RN 경규록 | C74: 44263 | D74: 45724 | E74: =IF(DATEDIF(C74,M$2,"m")<1,"",IF(C74=0,"",IF(EDATE(C74,12)<IF($D74>0,$D74-1,M$2),EDATE(C74,DATEDIF(C74,IF($D74>0,$D74-1,M$2+1),"y")*12),EDATE(C74,DATEDIF(C74,IF($D74>0,$D74-1,M$2+1),"m"))))) -> 45359 | F74: =IF(E74="",0,IF(EDATE(C74,12)<=E74,15+IF((YEAR(E74)-YEAR($C74))>20,10,INT((YEAR(E74)-YEAR($C74)-1)/2)),0)) -> 16 | G74: =IF(E74="",0,IF(E74>=EDATE(C74,12),IF(E74<EDATE(C74,24),IF(C74<SET!$J$20,0,MIN(DATEDIF(C74,E74,"m"),11)),0),IF(D74>C74,IF(E74<=EDATE(C74,12),MIN(DATEDIF(C74,D74+1,"m"),11),0),MIN(DATEDIF(C74,E74,"m"),11)))) -> 0 | H74: 12 | I74: =COUNTIF(P74:BW74,SET!$C$15)*SET!$C$16+COUNTIF(P74:BW74,SET!$D$15)*SET!$D$16+COUNTIF(P74:BW74,SET!E$15)*SET!$E$16+COUNTIF(P74:BW74,SET!$F$15)*SET!$F$16+COUNTIF(P74:BW74,SET!$G$15)*SET!$G$16+COUNTIF(P74:BW74,SET!$H$15)*SET!$H$16+COUNTIF(P74:BW74,SET!$I$15)*SET!$I$16+COUNTIF(P74:BW74,)*SET!$K$16+COUNTIF(P74:BW74,SET!$M$15)*SET!$M$16 -> 28.5 | J74: =F74+G74+H74-I74 -> -0.5 | K74: =IF(E74="","",IF(AND(D74>C74,EDATE(IF(EDATE(C74,12)<D74,C74,E74),12)>D74),"퇴직정산",IF((E74-C74)>=365,EDATE(E74,12),EDATE(C74,24)))) -> 45724 | L74: =IF(K74="퇴직정산",J74,IF((M$2-C74)<365,"미확정",IF(M74="유예","유예",J74-M74))) -> -0.5 | M74: =IF(C74=0,0,IF(K74="퇴직정산",0,IF(J74<=0,0,IF(EDATE(C74,3)>M$2,"유예",IF(SET!$J$3="없음",0,IF(SET!$J$3="전부",IF(E74>=DATE(YEAR(SET!$I$11),MONTH(SET!$J$11),DAY(SET!$L$11)),MAX(0,F74-IF(I74<(G74+H74),0,(I74-(G74+H74)))),0),IF(E74>=DATE(YEAR(SET!$I$11),MONTH(SET!$J$11),DAY(SET!$L$11)),MAX(0,MIN(F74,SET!$L$3)-IF(I74<(G74+H74),0,(I74-(G74+H74)))),0))))))) -> 0 | N74: =IF(D74=0,IF(M74>0,IF((E74-C74)>=365,EDATE(E74,6),EDATE(K74,-6)),""),"") | O74: =IF(D74=0,IF(M74>0,IF((E74-C74)>=365,EDATE(E74,10),EDATE(K74,-2)),""),"") | P74: 연차 | Q74: 연차 | R74: 연차 | S74: 연차 | T74: 연차 | U74: 연차 | V74: 연차 | W74: 반차 | X74: 연차 | Y74: 연차 | Z74: 연차 | AA74: 연차 | AB74: 연차 | AC74: 연차 | AD74: 연차 | AE74: 연차 | AF74: 연차 | AG74: 연차 | AH74: 연차 | AI74: 연차 | AJ74: 연차 | AK74: 연차 | AL74: 연차 | AM74: 연차 | AN74: 연차 | AO74: 연차 | AP74: 연차 | AQ74: 연차 | AR74: 연차
P75: 45345 | Q75: 45346 | R75: 45362 | S75: 45363 | T75: 45395 | U75: 45396 | V75: 45397 | W75: 45418 | X75: 45452 | Y75: 45491 | Z75: 45492 | AA75: 45493 | AB75: 45494 | AC75: 45495 | AD75: 45519 | AE75: 45520 | AF75: 45521 | AG75: 45591 | AH75: 45592 | AI75: 45617 | AJ75: 45618 | AK75: 45619 | AL75: 45620 | AM75: 45648 | AN75: 45649 | AO75: 45650 | AP75: 45651 | AQ75: 45652 | AR75: 45675
A76: 운동치료 | B76: 신재헌 | C76: 44267 | D76: 45728 | E76: =IF(DATEDIF(C76,M$2,"m")<1,"",IF(C76=0,"",IF(EDATE(C76,12)<IF($D76>0,$D76-1,M$2),EDATE(C76,DATEDIF(C76,IF($D76>0,$D76-1,M$2+1),"y")*12),EDATE(C76,DATEDIF(C76,IF($D76>0,$D76-1,M$2+1),"m"))))) -> 45363 | F76: =IF(E76="",0,IF(EDATE(C76,12)<=E76,15+IF((YEAR(E76)-YEAR($C76))>20,10,INT((YEAR(E76)-YEAR($C76)-1)/2)),0)) -> 16 | G76: =IF(E76="",0,IF(E76>=EDATE(C76,12),IF(E76<EDATE(C76,24),IF(C76<SET!$J$20,0,MIN(DATEDIF(C76,E76,"m"),11)),0),IF(D76>C76,IF(E76<=EDATE(C76,12),MIN(DATEDIF(C76,D76+1,"m"),11),0),MIN(DATEDIF(C76,E76,"m"),11)))) -> 0 | H76: 4.5 | I76: =COUNTIF(P76:BW76,SET!$C$15)*SET!$C$16+COUNTIF(P76:BW76,SET!$D$15)*SET!$D$16+COUNTIF(P76:BW76,SET!E$15)*SET!$E$16+COUNTIF(P76:BW76,SET!$F$15)*SET!$F$16+COUNTIF(P76:BW76,SET!$G$15)*SET!$G$16+COUNTIF(P76:BW76,SET!$H$15)*SET!$H$16+COUNTIF(P76:BW76,SET!$I$15)*SET!$I$16+COUNTIF(P76:BW76,)*SET!$K$16+COUNTIF(P76:BW76,SET!$M$15)*SET!$M$16 -> 9 | J76: =F76+G76+H76-I76 -> 11.5 | K76: =IF(E76="","",IF(AND(D76>C76,EDATE(IF(EDATE(C76,12)<D76,C76,E76),12)>D76),"퇴직정산",IF((E76-C76)>=365,EDATE(E76,12),EDATE(C76,24)))) -> 45728 | L76: =IF(K76="퇴직정산",J76,IF((M$2-C76)<365,"미확정",IF(M76="유예","유예",J76-M76))) -> 9 | M76: =IF(C76=0,0,IF(K76="퇴직정산",0,IF(J76<=0,0,IF(EDATE(C76,3)>M$2,"유예",IF(SET!$J$3="없음",0,IF(SET!$J$3="전부",IF(E76>=DATE(YEAR(SET!$I$11),MONTH(SET!$J$11),DAY(SET!$L$11)),MAX(0,F76-IF(I76<(G76+H76),0,(I76-(G76+H76)))),0),IF(E76>=DATE(YEAR(SET!$I$11),MONTH(SET!$J$11),DAY(SET!$L$11)),MAX(0,MIN(F76,SET!$L$3)-IF(I76<(G76+H76),0,(I76-(G76+H76)))),0))))))) -> 2.5 | N76: =IF(D76=0,IF(M76>0,IF((E76-C76)>=365,EDATE(E76,6),EDATE(K76,-6)),""),"") | O76: =IF(D76=0,IF(M76>0,IF((E76-C76)>=365,EDATE(E76,10),EDATE(K76,-2)),""),"") | P76: 반차 | Q76: 반차 | R76: 훈련 | S76: 반차 | T76: 연차 | U76: 반차 | V76: 반차 | W76: 반차 | X76: 연차 | Y76: 연차 | Z76: 연차 | AA76: 연차 | AB76: 연차
P77: 45369 | Q77: 45454 | R77: 45460 | S77: 45477 | T77: 45488 | U77: 45504 | V77: 45580 | W77: 45594 | X77: 45595 | Y77: 45644 | Z77: 45649 | AA77: 45650 | AB77: 45673
A78: 수술실 | B78: RN 양예원 | C78: 44634 | D78: 45730 | E78: =IF(DATEDIF(C78,M$2,"m")<1,"",IF(C78=0,"",IF(EDATE(C78,12)<IF($D78>0,$D78-1,M$2),EDATE(C78,DATEDIF(C78,IF($D78>0,$D78-1,M$2+1),"y")*12),EDATE(C78,DATEDIF(C78,IF($D78>0,$D78-1,M$2+1),"m"))))) -> 45365 | F78: =IF(E78="",0,IF(EDATE(C78,12)<=E78,15+IF((YEAR(E78)-YEAR($C78))>20,10,INT((YEAR(E78)-YEAR($C78)-1)/2)),0)) -> 15 | G78: =IF(E78="",0,IF(E78>=EDATE(C78,12),IF(E78<EDATE(C78,24),IF(C78<SET!$J$20,0,MIN(DATEDIF(C78,E78,"m"),11)),0),IF(D78>C78,IF(E78<=EDATE(C78,12),MIN(DATEDIF(C78,D78+1,"m"),11),0),MIN(DATEDIF(C78,E78,"m"),11)))) -> 0 | H78: -0.5 | I78: =COUNTIF(P78:BW78,SET!$C$15)*SET!$C$16+COUNTIF(P78:BW78,SET!$D$15)*SET!$D$16+COUNTIF(P78:BW78,SET!E$15)*SET!$E$16+COUNTIF(P78:BW78,SET!$F$15)*SET!$F$16+COUNTIF(P78:BW78,SET!$G$15)*SET!$G$16+COUNTIF(P78:BW78,SET!$H$15)*SET!$H$16+COUNTIF(P78:BW78,SET!$I$15)*SET!$I$16+COUNTIF(P78:BW78,)*SET!$K$16+COUNTIF(P78:BW78,SET!$M$15)*SET!$M$16 -> 15 | J78: =F78+G78+H78-I78 -> -0.5 | K78: =IF(E78="","",IF(AND(D78>C78,EDATE(IF(EDATE(C78,12)<D78,C78,E78),12)>D78),"퇴직정산",IF((E78-C78)>=365,EDATE(E78,12),EDATE(C78,24)))) -> 45730 | L78: =IF(K78="퇴직정산",J78,IF((M$2-C78)<365,"미확정",IF(M78="유예","유예",J78-M78))) -> -0.5 | M78: =IF(C78=0,0,IF(K78="퇴직정산",0,IF(J78<=0,0,IF(EDATE(C78,3)>M$2,"유예",IF(SET!$J$3="없음",0,IF(SET!$J$3="전부",IF(E78>=DATE(YEAR(SET!$I$11),MONTH(SET!$J$11),DAY(SET!$L$11)),MAX(0,F78-IF(I78<(G78+H78),0,(I78-(G78+H78)))),0),IF(E78>=DATE(YEAR(SET!$I$11),MONTH(SET!$J$11),DAY(SET!$L$11)),MAX(0,MIN(F78,SET!$L$3)-IF(I78<(G78+H78),0,(I78-(G78+H78)))),0))))))) -> 0 | N78: =IF(D78=0,IF(M78>0,IF((E78-C78)>=365,EDATE(E78,6),EDATE(K78,-6)),""),"") | O78: =IF(D78=0,IF(M78>0,IF((E78-C78)>=365,EDATE(E78,10),EDATE(K78,-2)),""),"") | P78: 연차 | Q78: 반차 | R78: 반차 | S78: 연차 | T78: 연차 | U78: 반차 | V78: 반차 | W78: 연차 | X78: 반차 | Y78: 반차 | Z78: 반차 | AA78: 반차 | AB78: 연차 | AC78: 연차 | AD78: 반차 | AE78: 반차 | AF78: 반차 | AG78: 연차 | AH78: 반차 | AI78: 연차 | AJ78: 연차
P79: 45357 | Q79: 45376 | R79: 45392 | S79: 45408 | T79: 45421 | U79: 45443 | V79: 45457 | W79: 45470 | X79: 45481 | Y79: 45509 | Z79: 45511 | AA79: 45520 | AB79: 45554 | AC79: 45555 | AD79: 45565 | AE79: 45597 | AF79: 45607 | AG79: 45625 | AH79: 45653 | AI79: 45672 | AJ79: 45692
A80: 검진센터 | B80: 최은비 | C80: 44634 | D80: 45730 | E80: =IF(DATEDIF(C80,M$2,"m")<1,"",IF(C80=0,"",IF(EDATE(C80,12)<IF($D80>0,$D80-1,M$2),EDATE(C80,DATEDIF(C80,IF($D80>0,$D80-1,M$2+1),"y")*12),EDATE(C80,DATEDIF(C80,IF($D80>0,$D80-1,M$2+1),"m"))))) -> 45365 | F80: =IF(E80="",0,IF(EDATE(C80,12)<=E80,15+IF((YEAR(E80)-YEAR($C80))>20,10,INT((YEAR(E80)-YEAR($C80)-1)/2)),0)) -> 15 | G80: =IF(E80="",0,IF(E80>=EDATE(C80,12),IF(E80<EDATE(C80,24),IF(C80<SET!$J$20,0,MIN(DATEDIF(C80,E80,"m"),11)),0),IF(D80>C80,IF(E80<=EDATE(C80,12),MIN(DATEDIF(C80,D80+1,"m"),11),0),MIN(DATEDIF(C80,E80,"m"),11)))) -> 0 | H80: 1 | I80: =COUNTIF(P80:BW80,SET!$C$15)*SET!$C$16+COUNTIF(P80:BW80,SET!$D$15)*SET!$D$16+COUNTIF(P80:BW80,SET!E$15)*SET!$E$16+COUNTIF(P80:BW80,SET!$F$15)*SET!$F$16+COUNTIF(P80:BW80,SET!$G$15)*SET!$G$16+COUNTIF(P80:BW80,SET!$H$15)*SET!$H$16+COUNTIF(P80:BW80,SET!$I$15)*SET!$I$16+COUNTIF(P80:BW80,)*SET!$K$16+COUNTIF(P80:BW80,SET!$M$15)*SET!$M$16 -> 16 | J80: =F80+G80+H80-I80 -> 0 | K80: =IF(E80="","",IF(AND(D80>C80,EDATE(IF(EDATE(C80,12)<D80,C80,E80),12)>D80),"퇴직정산",IF((E80-C80)>=365,EDATE(E80,12),EDATE(C80,24)))) -> 45730 | L80: =IF(K80="퇴직정산",J80,IF((M$2-C80)<365,"미확정",IF(M80="유예","유예",J80-M80))) -> 0 | M80: =IF(C80=0,0,IF(K80="퇴직정산",0,IF(J80<=0,0,IF(EDATE(C80,3)>M$2,"유예",IF(SET!$J$3="없음",0,IF(SET!$J$3="전부",IF(E80>=DATE(YEAR(SET!$I$11),MONTH(SET!$J$11),DAY(SET!$L$11)),MAX(0,F80-IF(I80<(G80+H80),0,(I80-(G80+H80)))),0),IF(E80>=DATE(YEAR(SET!$I$11),MONTH(SET!$J$11),DAY(SET!$L$11)),MAX(0,MIN(F80,SET!$L$3)-IF(I80<(G80+H80),0,(I80-(G80+H80)))),0))))))) -> 0 | N80: =IF(D80=0,IF(M80>0,IF((E80-C80)>=365,EDATE(E80,6),EDATE(K80,-6)),""),"") | O80: =IF(D80=0,IF(M80>0,IF((E80-C80)>=365,EDATE(E80,10),EDATE(K80,-2)),""),"") | P80: 연차 | Q80: 연차 | R80: 반차 | S80: 연차 | T80: 연차 | U80: 반차 | V80: 연차 | W80: 연차 | X80: 연차 | Y80: 연차 | Z80: 연차 | AA80: 연차 | AB80: 연차 | AC80: 연차 | AD80: 연차 | AE80: 연차 | AF80: 연차
P81: 45481 | Q81: 45502 | R81: 45512 | S81: 45518 | T81: 45520 | U81: 45539 | V81: 45573 | W81: 45583 | X81: 45608 | Y81: 45624 | Z81: 45660 | AA81: 45663 | AB81: 45677 | AC81: 45678 | AD81: 45679 | AE81: 45680 | AF81: 45681
A82: 5A병동 | B82: AN 이경이 | C82: 44270 | D82: 45731 | E82: =IF(DATEDIF(C82,M$2,"m")<1,"",IF(C82=0,"",IF(EDATE(C82,12)<IF($D82>0,$D82-1,M$2),EDATE(C82,DATEDIF(C82,IF($D82>0,$D82-1,M$2+1),"y")*12),EDATE(C82,DATEDIF(C82,IF($D82>0,$D82-1,M$2+1),"m"))))) -> 45366 | F82: =IF(E82="",0,IF(EDATE(C82,12)<=E82,15+IF((YEAR(E82)-YEAR($C82))>20,10,INT((YEAR(E82)-YEAR($C82)-1)/2)),0)) -> 16 | G82: =IF(E82="",0,IF(E82>=EDATE(C82,12),IF(E82<EDATE(C82,24),IF(C82<SET!$J$20,0,MIN(DATEDIF(C82,E82,"m"),11)),0),IF(D82>C82,IF(E82<=EDATE(C82,12),MIN(DATEDIF(C82,D82+1,"m"),11),0),MIN(DATEDIF(C82,E82,"m"),11)))) -> 0 | H82: -2 | I82: =COUNTIF(P82:BW82,SET!$C$15)*SET!$C$16+COUNTIF(P82:BW82,SET!$D$15)*SET!$D$16+COUNTIF(P82:BW82,SET!E$15)*SET!$E$16+COUNTIF(P82:BW82,SET!$F$15)*SET!$F$16+COUNTIF(P82:BW82,SET!$G$15)*SET!$G$16+COUNTIF(P82:BW82,SET!$H$15)*SET!$H$16+COUNTIF(P82:BW82,SET!$I$15)*SET!$I$16+COUNTIF(P82:BW82,)*SET!$K$16+COUNTIF(P82:BW82,SET!$M$15)*SET!$M$16 -> 9 | J82: =F82+G82+H82-I82 -> 5 | K82: =IF(E82="","",IF(AND(D82>C82,EDATE(IF(EDATE(C82,12)<D82,C82,E82),12)>D82),"퇴직정산",IF((E82-C82)>=365,EDATE(E82,12),EDATE(C82,24)))) -> 45731 | L82: =IF(K82="퇴직정산",J82,IF((M$2-C82)<365,"미확정",IF(M82="유예","유예",J82-M82))) -> 5 | M82: =IF(C82=0,0,IF(K82="퇴직정산",0,IF(J82<=0,0,IF(EDATE(C82,3)>M$2,"유예",IF(SET!$J$3="없음",0,IF(SET!$J$3="전부",IF(E82>=DATE(YEAR(SET!$I$11),MONTH(SET!$J$11),DAY(SET!$L$11)),MAX(0,F82-IF(I82<(G82+H82),0,(I82-(G82+H82)))),0),IF(E82>=DATE(YEAR(SET!$I$11),MONTH(SET!$J$11),DAY(SET!$L$11)),MAX(0,MIN(F82,SET!$L$3)-IF(I82<(G82+H82),0,(I82-(G82+H82)))),0))))))) -> 0 | N82: =IF(D82=0,IF(M82>0,IF((E82-C82)>=365,EDATE(E82,6),EDATE(K82,-6)),""),"") | O82: =IF(D82=0,IF(M82>0,IF((E82-C82)>=365,EDATE(E82,10),EDATE(K82,-2)),""),"") | P82: 연차 | Q82: 연차 | R82: 연차 | S82: 연차 | T82: 연차 | U82: 연차 | V82: 연차 | W82: 연차 | X82: 연차
P83: 45402 | Q83: 45501 | R83: 45502 | S83: 45605 | T83: 45606 | U83: 45607 | V83: 45627 | W83: 45708 | X83: 45709
A84: 감염관리 팀장 | B84: 박미란 | C84: 43906 | D84: 45732 | E84: =IF(DATEDIF(C84,M$2,"m")<1,"",IF(C84=0,"",IF(EDATE(C84,12)<IF($D84>0,$D84-1,M$2),EDATE(C84,DATEDIF(C84,IF($D84>0,$D84-1,M$2+1),"y")*12),EDATE(C84,DATEDIF(C84,IF($D84>0,$D84-1,M$2+1),"m"))))) -> 45367 | F84: =IF(E84="",0,IF(EDATE(C84,12)<=E84,15+IF((YEAR(E84)-YEAR($C84))>20,10,INT((YEAR(E84)-YEAR($C84)-1)/2)),0)) -> 16 | G84: =IF(E84="",0,IF(E84>=EDATE(C84,12),IF(E84<EDATE(C84,24),IF(C84<SET!$J$20,0,MIN(DATEDIF(C84,E84,"m"),11)),0),IF(D84>C84,IF(E84<=EDATE(C84,12),MIN(DATEDIF(C84,D84+1,"m"),11),0),MIN(DATEDIF(C84,E84,"m"),11)))) -> 0 | H84: 15 | I84: =COUNTIF(P84:BW84,SET!$C$15)*SET!$C$16+COUNTIF(P84:BW84,SET!$D$15)*SET!$D$16+COUNTIF(P84:BW84,SET!E$15)*SET!$E$16+COUNTIF(P84:BW84,SET!$F$15)*SET!$F$16+COUNTIF(P84:BW84,SET!$G$15)*SET!$G$16+COUNTIF(P84:BW84,SET!$H$15)*SET!$H$16+COUNTIF(P84:BW84,SET!$I$15)*SET!$I$16+COUNTIF(P84:BW84,)*SET!$K$16+COUNTIF(P84:BW84,SET!$M$15)*SET!$M$16 -> 16.5 | J84: =F84+G84+H84-I84 -> 14.5 | K84: =IF(E84="","",IF(AND(D84>C84,EDATE(IF(EDATE(C84,12)<D84,C84,E84),12)>D84),"퇴직정산",IF((E84-C84)>=365,EDATE(E84,12),EDATE(C84,24)))) -> 45732 | L84: =IF(K84="퇴직정산",J84,IF((M$2-C84)<365,"미확정",IF(M84="유예","유예",J84-M84))) -> 9 | M84: =IF(C84=0,0,IF(K84="퇴직정산",0,IF(J84<=0,0,IF(EDATE(C84,3)>M$2,"유예",IF(SET!$J$3="없음",0,IF(SET!$J$3="전부",IF(E84>=DATE(YEAR(SET!$I$11),MONTH(SET!$J$11),DAY(SET!$L$11)),MAX(0,F84-IF(I84<(G84+H84),0,(I84-(G84+H84)))),0),IF(E84>=DATE(YEAR(SET!$I$11),MONTH(SET!$J$11),DAY(SET!$L$11)),MAX(0,MIN(F84,SET!$L$3)-IF(I84<(G84+H84),0,(I84-(G84+H84)))),0))))))) -> 5.5 | N84: =IF(D84=0,IF(M84>0,IF((E84-C84)>=365,EDATE(E84,6),EDATE(K84,-6)),""),"") | O84: =IF(D84=0,IF(M84>0,IF((E84-C84)>=365,EDATE(E84,10),EDATE(K84,-2)),""),"") | P84: 반차 | Q84: 포상 | R84: 반차 | S84: 반차 | T84: 반차 | U84: 연차 | V84: 연차 | W84: 연차 | X84: 반차 | Y84: 반차 | Z84: 반차 | AA84: 연차 | AB84: 연차 | AC84: 연차 | AD84: 연차 | AE84: 반차 | AF84: 연차 | AG84: 반차 | AH84: 연차 | AI84: 연차 | AJ84: 반차 | AK84: 반차 | AL84: 연차
P85: 45426 | Q85: 45429 | R85: 45432 | S85: 45434 | T85: 45443 | U85: 45450 | V85: 45455 | W85: 45456 | X85: 45461 | Y85: 45490 | Z85: 45498 | AA85: 45503 | AB85: 45504 | AC85: 45506 | AD85: 45527 | AE85: 45545 | AF85: 45569 | AG85: 45575 | AH85: 45610 | AI85: 45611 | AJ85: 45623 | AK85: 45646 | AL85: 45674
A86: 수술실 | B86: RN 유정원 | C86: 44636 | D86: 45732 | E86: =IF(DATEDIF(C86,M$2,"m")<1,"",IF(C86=0,"",IF(EDATE(C86,12)<IF($D86>0,$D86-1,M$2),EDATE(C86,DATEDIF(C86,IF($D86>0,$D86-1,M$2+1),"y")*12),EDATE(C86,DATEDIF(C86,IF($D86>0,$D86-1,M$2+1),"m"))))) -> 45367 | F86: =IF(E86="",0,IF(EDATE(C86,12)<=E86,15+IF((YEAR(E86)-YEAR($C86))>20,10,INT((YEAR(E86)-YEAR($C86)-1)/2)),0)) -> 15 | G86: =IF(E86="",0,IF(E86>=EDATE(C86,12),IF(E86<EDATE(C86,24),IF(C86<SET!$J$20,0,MIN(DATEDIF(C86,E86,"m"),11)),0),IF(D86>C86,IF(E86<=EDATE(C86,12),MIN(DATEDIF(C86,D86+1,"m"),11),0),MIN(DATEDIF(C86,E86,"m"),11)))) -> 0 | H86: -0.5 | I86: =COUNTIF(P86:BW86,SET!$C$15)*SET!$C$16+COUNTIF(P86:BW86,SET!$D$15)*SET!$D$16+COUNTIF(P86:BW86,SET!E$15)*SET!$E$16+COUNTIF(P86:BW86,SET!$F$15)*SET!$F$16+COUNTIF(P86:BW86,SET!$G$15)*SET!$G$16+COUNTIF(P86:BW86,SET!$H$15)*SET!$H$16+COUNTIF(P86:BW86,SET!$I$15)*SET!$I$16+COUNTIF(P86:BW86,)*SET!$K$16+COUNTIF(P86:BW86,SET!$M$15)*SET!$M$16 -> 14.5 | J86: =F86+G86+H86-I86 -> 0 | K86: =IF(E86="","",IF(AND(D86>C86,EDATE(IF(EDATE(C86,12)<D86,C86,E86),12)>D86),"퇴직정산",IF((E86-C86)>=365,EDATE(E86,12),EDATE(C86,24)))) -> 45732 | L86: =IF(K86="퇴직정산",J86,IF((M$2-C86)<365,"미확정",IF(M86="유예","유예",J86-M86))) -> 0 | M86: =IF(C86=0,0,IF(K86="퇴직정산",0,IF(J86<=0,0,IF(EDATE(C86,3)>M$2,"유예",IF(SET!$J$3="없음",0,IF(SET!$J$3="전부",IF(E86>=DATE(YEAR(SET!$I$11),MONTH(SET!$J$11),DAY(SET!$L$11)),MAX(0,F86-IF(I86<(G86+H86),0,(I86-(G86+H86)))),0),IF(E86>=DATE(YEAR(SET!$I$11),MONTH(SET!$J$11),DAY(SET!$L$11)),MAX(0,MIN(F86,SET!$L$3)-IF(I86<(G86+H86),0,(I86-(G86+H86)))),0))))))) -> 0 | N86: =IF(D86=0,IF(M86>0,IF((E86-C86)>=365,EDATE(E86,6),EDATE(K86,-6)),""),"") | O86: =IF(D86=0,IF(M86>0,IF((E86-C86)>=365,EDATE(E86,10),EDATE(K86,-2)),""),"") | P86: 반차 | Q86: 반차 | R86: 연차 | S86: 반차 | T86: 연차 | U86: 반차 | V86: 연차 | W86: 연차 | X86: 연차 | Y86: 연차 | Z86: 연차 | AA86: 연차 | AB86: 연차 | AC86: 연차 | AD86: 반차 | AE86: 연차 | AF86: 연차
P87: 45376 | Q87: 45392 | R87: 45394 | S87: 45457 | T87: 45468 | U87: 45481 | V87: 45488 | W87: 45509 | X87: 45510 | Y87: 45511 | Z87: 45518 | AA87: 45520 | AB87: 45523 | AC87: 45544 | AD87: 45597 | AE87: 45649 | AF87: 45709
A88: 영상의학과 | B88: 박지연 | C88: 43906 | D88: 45732 | E88: =IF(DATEDIF(C88,M$2,"m")<1,"",IF(C88=0,"",IF(EDATE(C88,12)<IF($D88>0,$D88-1,M$2),EDATE(C88,DATEDIF(C88,IF($D88>0,$D88-1,M$2+1),"y")*12),EDATE(C88,DATEDIF(C88,IF($D88>0,$D88-1,M$2+1),"m"))))) -> 45367 | F88: =IF(E88="",0,IF(EDATE(C88,12)<=E88,15+IF((YEAR(E88)-YEAR($C88))>20,10,INT((YEAR(E88)-YEAR($C88)-1)/2)),0)) -> 16 | G88: =IF(E88="",0,IF(E88>=EDATE(C88,12),IF(E88<EDATE(C88,24),IF(C88<SET!$J$20,0,MIN(DATEDIF(C88,E88,"m"),11)),0),IF(D88>C88,IF(E88<=EDATE(C88,12),MIN(DATEDIF(C88,D88+1,"m"),11),0),MIN(DATEDIF(C88,E88,"m"),11)))) -> 0 | H88: 5 | I88: =COUNTIF(P88:BW88,SET!$C$15)*SET!$C$16+COUNTIF(P88:BW88,SET!$D$15)*SET!$D$16+COUNTIF(P88:BW88,SET!E$15)*SET!$E$16+COUNTIF(P88:BW88,SET!$F$15)*SET!$F$16+COUNTIF(P88:BW88,SET!$G$15)*SET!$G$16+COUNTIF(P88:BW88,SET!$H$15)*SET!$H$16+COUNTIF(P88:BW88,SET!$I$15)*SET!$I$16+COUNTIF(P88:BW88,)*SET!$K$16+COUNTIF(P88:BW88,SET!$M$15)*SET!$M$16 -> 12 | J88: =F88+G88+H88-I88 -> 9 | K88: =IF(E88="","",IF(AND(D88>C88,EDATE(IF(EDATE(C88,12)<D88,C88,E88),12)>D88),"퇴직정산",IF((E88-C88)>=365,EDATE(E88,12),EDATE(C88,24)))) -> 45732 | L88: =IF(K88="퇴직정산",J88,IF((M$2-C88)<365,"미확정",IF(M88="유예","유예",J88-M88))) -> 9 | M88: =IF(C88=0,0,IF(K88="퇴직정산",0,IF(J88<=0,0,IF(EDATE(C88,3)>M$2,"유예",IF(SET!$J$3="없음",0,IF(SET!$J$3="전부",IF(E88>=DATE(YEAR(SET!$I$11),MONTH(SET!$J$11),DAY(SET!$L$11)),MAX(0,F88-IF(I88<(G88+H88),0,(I88-(G88+H88)))),0),IF(E88>=DATE(YEAR(SET!$I$11),MONTH(SET!$J$11),DAY(SET!$L$11)),MAX(0,MIN(F88,SET!$L$3)-IF(I88<(G88+H88),0,(I88-(G88+H88)))),0))))))) -> 0 | N88: =IF(D88=0,IF(M88>0,IF((E88-C88)>=365,EDATE(E88,6),EDATE(K88,-6)),""),"") | O88: =IF(D88=0,IF(M88>0,IF((E88-C88)>=365,EDATE(E88,10),EDATE(K88,-2)),""),"") | P88: 연차 | Q88: 연차 | R88: 반차 | S88: 반차 | T88: 반차 | U88: 반차 | V88: 연차 | W88: 연차 | X88: 반차 | Y88: 연차 | Z88: 연차 | AA88: 반차 | AB88: 연차 | AC88: 연차 | AD88: 반차 | AE88: 반차
P89: 45365 | Q89: 45366 | R89: 45398 | S89: 45422 | T89: 45426 | U89: 45457 | V89: 45484 | W89: 45489 | X89: 45510 | Y89: 45524 | Z89: 45560 | AA89: 45588 | AB89: 45616 | AC89: 45617 | AD89: 45653 | AE89: 45657
A90: 3병동 | B90: RN 석보미 | C90: 44277 | D90: 45738 | E90: =IF(DATEDIF(C90,M$2,"m")<1,"",IF(C90=0,"",IF(EDATE(C90,12)<IF($D90>0,$D90-1,M$2),EDATE(C90,DATEDIF(C90,IF($D90>0,$D90-1,M$2+1),"y")*12),EDATE(C90,DATEDIF(C90,IF($D90>0,$D90-1,M$2+1),"m"))))) -> 45373 | F90: =IF(E90="",0,IF(EDATE(C90,12)<=E90,15+IF((YEAR(E90)-YEAR($C90))>20,10,INT((YEAR(E90)-YEAR($C90)-1)/2)),0)) -> 16 | G90: =IF(E90="",0,IF(E90>=EDATE(C90,12),IF(E90<EDATE(C90,24),IF(C90<SET!$J$20,0,MIN(DATEDIF(C90,E90,"m"),11)),0),IF(D90>C90,IF(E90<=EDATE(C90,12),MIN(DATEDIF(C90,D90+1,"m"),11),0),MIN(DATEDIF(C90,E90,"m"),11)))) -> 0 | H90: 2 | I90: =COUNTIF(P90:BW90,SET!$C$15)*SET!$C$16+COUNTIF(P90:BW90,SET!$D$15)*SET!$D$16+COUNTIF(P90:BW90,SET!E$15)*SET!$E$16+COUNTIF(P90:BW90,SET!$F$15)*SET!$F$16+COUNTIF(P90:BW90,SET!$G$15)*SET!$G$16+COUNTIF(P90:BW90,SET!$H$15)*SET!$H$16+COUNTIF(P90:BW90,SET!$I$15)*SET!$I$16+COUNTIF(P90:BW90,)*SET!$K$16+COUNTIF(P90:BW90,SET!$M$15)*SET!$M$16 -> 12 | J90: =F90+G90+H90-I90 -> 6 | K90: =IF(E90="","",IF(AND(D90>C90,EDATE(IF(EDATE(C90,12)<D90,C90,E90),12)>D90),"퇴직정산",IF((E90-C90)>=365,EDATE(E90,12),EDATE(C90,24)))) -> 45738 | L90: =IF(K90="퇴직정산",J90,IF((M$2-C90)<365,"미확정",IF(M90="유예","유예",J90-M90))) -> 6 | M90: =IF(C90=0,0,IF(K90="퇴직정산",0,IF(J90<=0,0,IF(EDATE(C90,3)>M$2,"유예",IF(SET!$J$3="없음",0,IF(SET!$J$3="전부",IF(E90>=DATE(YEAR(SET!$I$11),MONTH(SET!$J$11),DAY(SET!$L$11)),MAX(0,F90-IF(I90<(G90+H90),0,(I90-(G90+H90)))),0),IF(E90>=DATE(YEAR(SET!$I$11),MONTH(SET!$J$11),DAY(SET!$L$11)),MAX(0,MIN(F90,SET!$L$3)-IF(I90<(G90+H90),0,(I90-(G90+H90)))),0))))))) -> 0 | N90: =IF(D90=0,IF(M90>0,IF((E90-C90)>=365,EDATE(E90,6),EDATE(K90,-6)),""),"") | O90: =IF(D90=0,IF(M90>0,IF((E90-C90)>=365,EDATE(E90,10),EDATE(K90,-2)),""),"") | P90: 연차 | Q90: 연차 | R90: 연차 | S90: 연차 | T90: 연차 | U90: 연차 | V90: 연차 | W90: 연차 | X90: 연차 | Y90: 연차 | Z90: 연차 | AA90: 연차
P91: 45362 | Q91: 45363 | R91: 45395 | S91: 45396 | T91: 45479 | U91: 45480 | V91: 45491 | W91: 45519 | X91: 45520 | Y91: 45543 | Z91: 45646 | AA91: 45649
A92: 3병동 | B92: AN 백미향 | C92: 44277 | D92: 45738 | E92: =IF(DATEDIF(C92,M$2,"m")<1,"",IF(C92=0,"",IF(EDATE(C92,12)<IF($D92>0,$D92-1,M$2),EDATE(C92,DATEDIF(C92,IF($D92>0,$D92-1,M$2+1),"y")*12),EDATE(C92,DATEDIF(C92,IF($D92>0,$D92-1,M$2+1),"m"))))) -> 45373 | F92: =IF(E92="",0,IF(EDATE(C92,12)<=E92,15+IF((YEAR(E92)-YEAR($C92))>20,10,INT((YEAR(E92)-YEAR($C92)-1)/2)),0)) -> 16 | G92: =IF(E92="",0,IF(E92>=EDATE(C92,12),IF(E92<EDATE(C92,24),IF(C92<SET!$J$20,0,MIN(DATEDIF(C92,E92,"m"),11)),0),IF(D92>C92,IF(E92<=EDATE(C92,12),MIN(DATEDIF(C92,D92+1,"m"),11),0),MIN(DATEDIF(C92,E92,"m"),11)))) -> 0 | H92: 6 | I92: =COUNTIF(P92:BW92,SET!$C$15)*SET!$C$16+COUNTIF(P92:BW92,SET!$D$15)*SET!$D$16+COUNTIF(P92:BW92,SET!E$15)*SET!$E$16+COUNTIF(P92:BW92,SET!$F$15)*SET!$F$16+COUNTIF(P92:BW92,SET!$G$15)*SET!$G$16+COUNTIF(P92:BW92,SET!$H$15)*SET!$H$16+COUNTIF(P92:BW92,SET!$I$15)*SET!$I$16+COUNTIF(P92:BW92,)*SET!$K$16+COUNTIF(P92:BW92,SET!$M$15)*SET!$M$16 -> 18 | J92: =F92+G92+H92-I92 -> 4 | K92: =IF(E92="","",IF(AND(D92>C92,EDATE(IF(EDATE(C92,12)<D92,C92,E92),12)>D92),"퇴직정산",IF((E92-C92)>=365,EDATE(E92,12),EDATE(C92,24)))) -> 45738 | L92: =IF(K92="퇴직정산",J92,IF((M$2-C92)<365,"미확정",IF(M92="유예","유예",J92-M92))) -> 4 | M92: =IF(C92=0,0,IF(K92="퇴직정산",0,IF(J92<=0,0,IF(EDATE(C92,3)>M$2,"유예",IF(SET!$J$3="없음",0,IF(SET!$J$3="전부",IF(E92>=DATE(YEAR(SET!$I$11),MONTH(SET!$J$11),DAY(SET!$L$11)),MAX(0,F92-IF(I92<(G92+H92),0,(I92-(G92+H92)))),0),IF(E92>=DATE(YEAR(SET!$I$11),MONTH(SET!$J$11),DAY(SET!$L$11)),MAX(0,MIN(F92,SET!$L$3)-IF(I92<(G92+H92),0,(I92-(G92+H92)))),0))))))) -> 0 | N92: =IF(D92=0,IF(M92>0,IF((E92-C92)>=365,EDATE(E92,6),EDATE(K92,-6)),""),"") | O92: =IF(D92=0,IF(M92>0,IF((E92-C92)>=365,EDATE(E92,10),EDATE(K92,-2)),""),"") | P92: 연차 | Q92: 연차 | R92: 연차 | S92: 반차 | T92: 연차 | U92: 연차 | V92: 반차 | W92: 연차 | X92: 연차 | Y92: 연차 | Z92: 연차 | AA92: 연차 | AB92: 연차 | AC92: 연차 | AD92: 연차 | AE92: 연차 | AF92: 연차 | AG92: 연차 | AH92: 연차
P93: 45359 | Q93: 45401 | R93: 45402 | S93: 45417 | T93: 45489 | U93: 45490 | V93: 45491 | W93: 45492 | X93: 45495 | Y93: 45533 | Z93: 45534 | AA93: 45585 | AB93: 45606 | AC93: 45607 | AD93: 45608 | AE93: 45650 | AF93: 45651 | AG93: 45708 | AH93: 45709
A94: 수술실 | B94: RN 조교순 | C94: 44277 | D94: 45738 | E94: =IF(DATEDIF(C94,M$2,"m")<1,"",IF(C94=0,"",IF(EDATE(C94,12)<IF($D94>0,$D94-1,M$2),EDATE(C94,DATEDIF(C94,IF($D94>0,$D94-1,M$2+1),"y")*12),EDATE(C94,DATEDIF(C94,IF($D94>0,$D94-1,M$2+1),"m"))))) -> 45373 | F94: =IF(E94="",0,IF(EDATE(C94,12)<=E94,15+IF((YEAR(E94)-YEAR($C94))>20,10,INT((YEAR(E94)-YEAR($C94)-1)/2)),0)) -> 16 | G94: =IF(E94="",0,IF(E94>=EDATE(C94,12),IF(E94<EDATE(C94,24),IF(C94<SET!$J$20,0,MIN(DATEDIF(C94,E94,"m"),11)),0),IF(D94>C94,IF(E94<=EDATE(C94,12),MIN(DATEDIF(C94,D94+1,"m"),11),0),MIN(DATEDIF(C94,E94,"m"),11)))) -> 0 | H94: 2 | I94: =COUNTIF(P94:BW94,SET!$C$15)*SET!$C$16+COUNTIF(P94:BW94,SET!$D$15)*SET!$D$16+COUNTIF(P94:BW94,SET!E$15)*SET!$E$16+COUNTIF(P94:BW94,SET!$F$15)*SET!$F$16+COUNTIF(P94:BW94,SET!$G$15)*SET!$G$16+COUNTIF(P94:BW94,SET!$H$15)*SET!$H$16+COUNTIF(P94:BW94,SET!$I$15)*SET!$I$16+COUNTIF(P94:BW94,)*SET!$K$16+COUNTIF(P94:BW94,SET!$M$15)*SET!$M$16 -> 17 | J94: =F94+G94+H94-I94 -> 1 | K94: =IF(E94="","",IF(AND(D94>C94,EDATE(IF(EDATE(C94,12)<D94,C94,E94),12)>D94),"퇴직정산",IF((E94-C94)>=365,EDATE(E94,12),EDATE(C94,24)))) -> 45738 | L94: =IF(K94="퇴직정산",J94,IF((M$2-C94)<365,"미확정",IF(M94="유예","유예",J94-M94))) -> 1 | M94: =IF(C94=0,0,IF(K94="퇴직정산",0,IF(J94<=0,0,IF(EDATE(C94,3)>M$2,"유예",IF(SET!$J$3="없음",0,IF(SET!$J$3="전부",IF(E94>=DATE(YEAR(SET!$I$11),MONTH(SET!$J$11),DAY(SET!$L$11)),MAX(0,F94-IF(I94<(G94+H94),0,(I94-(G94+H94)))),0),IF(E94>=DATE(YEAR(SET!$I$11),MONTH(SET!$J$11),DAY(SET!$L$11)),MAX(0,MIN(F94,SET!$L$3)-IF(I94<(G94+H94),0,(I94-(G94+H94)))),0))))))) -> 0 | N94: =IF(D94=0,IF(M94>0,IF((E94-C94)>=365,EDATE(E94,6),EDATE(K94,-6)),""),"") | O94: =IF(D94=0,IF(M94>0,IF((E94-C94)>=365,EDATE(E94,10),EDATE(K94,-2)),""),"") | P94: 반차 | Q94: 연차 | R94: 연차 | S94: 연차 | T94: 반차 | U94: 반차 | V94: 연차 | W94: 반차 | X94: 연차 | Y94: 연차 | Z94: 반차 | AA94: 연차 | AB94: 연차 | AC94: 반차 | AD94: 반차 | AE94: 연차 | AF94: 연차 | AG94: 경조 | AH94: 연차 | AI94: 연차 | AJ94: 연차 | AK94: 반차
P95: 45355 | Q95: 45362 | R95: 45393 | S95: 45394 | T95: 45436 | U95: 45450 | V95: 45456 | W95: 45481 | X95: 45492 | Y95: 45495 | Z95: 45511 | AA95: 45517 | AB95: 45537 | AC95: 45565 | AD95: 45581 | AE95: 45586 | AF95: 45614 | AG95: 24/12/5~24/12/9(시부상) | AH95: 45700 | AI95: 45701 | AJ95: 45702 | AK95: 45705
A96: 교육팀 | B96: RN 윤수경 | C96: 45008 | D96: 45739 | E96: =IF(DATEDIF(C96,M$2,"m")<1,"",IF(C96=0,"",IF(EDATE(C96,12)<IF($D96>0,$D96-1,M$2),EDATE(C96,DATEDIF(C96,IF($D96>0,$D96-1,M$2+1),"y")*12),EDATE(C96,DATEDIF(C96,IF($D96>0,$D96-1,M$2+1),"m"))))) -> 45374 | F96: =IF(E96="",0,IF(EDATE(C96,12)<=E96,15+IF((YEAR(E96)-YEAR($C96))>20,10,INT((YEAR(E96)-YEAR($C96)-1)/2)),0)) -> 15 | G96: =IF(E96="",0,IF(E96>=EDATE(C96,12),IF(E96<EDATE(C96,24),IF(C96<SET!$J$20,0,MIN(DATEDIF(C96,E96,"m"),11)),0),IF(D96>C96,IF(E96<=EDATE(C96,12),MIN(DATEDIF(C96,D96+1,"m"),11),0),MIN(DATEDIF(C96,E96,"m"),11)))) -> 11 | I96: =COUNTIF(P96:BW96,SET!$C$15)*SET!$C$16+COUNTIF(P96:BW96,SET!$D$15)*SET!$D$16+COUNTIF(P96:BW96,SET!E$15)*SET!$E$16+COUNTIF(P96:BW96,SET!$F$15)*SET!$F$16+COUNTIF(P96:BW96,SET!$G$15)*SET!$G$16+COUNTIF(P96:BW96,SET!$H$15)*SET!$H$16+COUNTIF(P96:BW96,SET!$I$15)*SET!$I$16+COUNTIF(P96:BW96,)*SET!$K$16+COUNTIF(P96:BW96,SET!$M$15)*SET!$M$16 -> 20 | J96: =F96+G96+H96-I96 -> 6 | K96: =IF(E96="","",IF(AND(D96>C96,EDATE(IF(EDATE(C96,12)<D96,C96,E96),12)>D96),"퇴직정산",IF((E96-C96)>=365,EDATE(E96,12),EDATE(C96,24)))) -> 45739 | L96: =IF(K96="퇴직정산",J96,IF((M$2-C96)<365,"미확정",IF(M96="유예","유예",J96-M96))) -> 6 | M96: =IF(C96=0,0,IF(K96="퇴직정산",0,IF(J96<=0,0,IF(EDATE(C96,3)>M$2,"유예",IF(SET!$J$3="없음",0,IF(SET!$J$3="전부",IF(E96>=DATE(YEAR(SET!$I$11),MONTH(SET!$J$11),DAY(SET!$L$11)),MAX(0,F96-IF(I96<(G96+H96),0,(I96-(G96+H96)))),0),IF(E96>=DATE(YEAR(SET!$I$11),MONTH(SET!$J$11),DAY(SET!$L$11)),MAX(0,MIN(F96,SET!$L$3)-IF(I96<(G96+H96),0,(I96-(G96+H96)))),0))))))) -> 0 | N96: =IF(D96=0,IF(M96>0,IF((E96-C96)>=365,EDATE(E96,6),EDATE(K96,-6)),""),"") | O96: =IF(D96=0,IF(M96>0,IF((E96-C96)>=365,EDATE(E96,10),EDATE(K96,-2)),""),"") | P96: 연차 | Q96: 연차 | R96: 연차 | S96: 연차 | T96: 연차 | U96: 연차 | V96: 연차 | W96: 연차 | X96: 연차 | Y96: 연차 | Z96: 연차 | AA96: 연차 | AB96: 연차 | AC96: 연차 | AD96: 연차 | AE96: 연차 | AF96: 반차 | AG96: 연차 | AH96: 연차 | AI96: 반차 | AJ96: 연차
P97: 45357 | Q97: 45371 | R97: 45372 | S97: 45446 | T97: 45453 | U97: 45454 | V97: 45455 | W97: 45456 | X97: 45457 | Y97: 45460 | Z97: 45461 | AA97: 45462 | AB97: 45463 | AC97: 45464 | AD97: 45477 | AE97: 45510 | AF97: 45541 | AG97: 45594 | AH97: 45630 | AI97: 45638 | AJ97: 45657
